track_id,frame_id,timestamp_ms,agent_type,x,y,vx,vy
P1,59,5900,pedestrian/bicycle,1045.486,996.644,-2.148,-1.377
P1,60,6000,pedestrian/bicycle,1045.267,996.508,-2.225,-1.357
P1,61,6100,pedestrian/bicycle,1045.041,996.373,-2.301,-1.345
P1,62,6200,pedestrian/bicycle,1044.807,996.238,-2.375,-1.345
P1,63,6300,pedestrian/bicycle,1044.566,996.103,-2.445,-1.364
P1,64,6400,pedestrian/bicycle,1044.319,995.964,-2.506,-1.41
P1,65,6500,pedestrian/bicycle,1044.066,995.819,-2.555,-1.487
P1,66,6600,pedestrian/bicycle,1043.808,995.665,-2.594,-1.595
P1,67,6700,pedestrian/bicycle,1043.548,995.498,-2.615,-1.735
P1,68,6800,pedestrian/bicycle,1043.286,995.317,-2.614,-1.899
P1,69,6900,pedestrian/bicycle,1043.026,995.117,-2.601,-2.089
P1,70,7000,pedestrian/bicycle,1042.767,994.898,-2.58,-2.293
P1,71,7100,pedestrian/bicycle,1042.511,994.659,-2.536,-2.487
P1,72,7200,pedestrian/bicycle,1042.261,994.402,-2.461,-2.653
P1,73,7300,pedestrian/bicycle,1042.02,994.131,-2.359,-2.78
P1,74,7400,pedestrian/bicycle,1041.79,993.849,-2.231,-2.858
P1,75,7500,pedestrian/bicycle,1041.575,993.561,-2.084,-2.891
P1,76,7600,pedestrian/bicycle,1041.374,993.273,-1.924,-2.878
P1,77,7700,pedestrian/bicycle,1041.19,992.988,-1.758,-2.823
P1,78,7800,pedestrian/bicycle,1041.023,992.71,-1.592,-2.732
P1,79,7900,pedestrian/bicycle,1040.871,992.443,-1.432,-2.614
P1,80,8000,pedestrian/bicycle,1040.736,992.188,-1.285,-2.473
P1,81,8100,pedestrian/bicycle,1040.614,991.949,-1.154,-2.321
P1,82,8200,pedestrian/bicycle,1040.503,991.724,-1.05,-2.18
P1,83,8300,pedestrian/bicycle,1040.402,991.511,-0.981,-2.077
P1,84,8400,pedestrian/bicycle,1040.306,991.306,-0.945,-2.022
P1,85,8500,pedestrian/bicycle,1040.212,991.104,-0.935,-2.006
P2,305,30500,pedestrian/bicycle,1045.55,995.141,-2.618,-0.373
P2,306,30600,pedestrian/bicycle,1045.288,995.104,-2.626,-0.36
P2,307,30700,pedestrian/bicycle,1045.025,995.069,-2.629,-0.345
P2,308,30800,pedestrian/bicycle,1044.763,995.035,-2.626,-0.33
P2,309,30900,pedestrian/bicycle,1044.501,995.003,-2.615,-0.316
P2,310,31000,pedestrian/bicycle,1044.24,994.972,-2.598,-0.303
P2,311,31100,pedestrian/bicycle,1043.981,994.942,-2.579,-0.29
P2,312,31200,pedestrian/bicycle,1043.724,994.914,-2.555,-0.277
P2,313,31300,pedestrian/bicycle,1043.47,994.887,-2.524,-0.267
P2,314,31400,pedestrian/bicycle,1043.22,994.86,-2.485,-0.261
P2,315,31500,pedestrian/bicycle,1042.974,994.834,-2.436,-0.259
P2,316,31600,pedestrian/bicycle,1042.733,994.808,-2.382,-0.259
P2,317,31700,pedestrian/bicycle,1042.497,994.782,-2.333,-0.261
P2,318,31800,pedestrian/bicycle,1042.266,994.756,-2.294,-0.265
P2,319,31900,pedestrian/bicycle,1042.038,994.729,-2.265,-0.272
P2,320,32000,pedestrian/bicycle,1041.813,994.701,-2.24,-0.283
P2,321,32100,pedestrian/bicycle,1041.59,994.672,-2.224,-0.297
P2,322,32200,pedestrian/bicycle,1041.368,994.642,-2.216,-0.309
P2,323,32300,pedestrian/bicycle,1041.146,994.611,-2.222,-0.317
P2,324,32400,pedestrian/bicycle,1040.922,994.579,-2.241,-0.32
P2,325,32500,pedestrian/bicycle,1040.697,994.547,-2.273,-0.32
P2,326,32600,pedestrian/bicycle,1040.467,994.515,-2.317,-0.317
P2,327,32700,pedestrian/bicycle,1040.233,994.483,-2.373,-0.313
P2,328,32800,pedestrian/bicycle,1039.992,994.452,-2.439,-0.31
P2,329,32900,pedestrian/bicycle,1039.745,994.421,-2.507,-0.307
P2,330,33000,pedestrian/bicycle,1039.491,994.391,-2.571,-0.301
P2,331,33100,pedestrian/bicycle,1039.231,994.361,-2.63,-0.293
P2,332,33200,pedestrian/bicycle,1038.965,994.333,-2.685,-0.283
P2,333,33300,pedestrian/bicycle,1038.694,994.305,-2.733,-0.271
P2,334,33400,pedestrian/bicycle,1038.419,994.278,-2.77,-0.257
P2,335,33500,pedestrian/bicycle,1038.141,994.254,-2.792,-0.238
P2,336,33600,pedestrian/bicycle,1037.862,994.231,-2.797,-0.214
P2,337,33700,pedestrian/bicycle,1037.583,994.211,-2.783,-0.188
P2,338,33800,pedestrian/bicycle,1037.306,994.194,-2.751,-0.161
P2,339,33900,pedestrian/bicycle,1037.033,994.179,-2.708,-0.136
P2,340,34000,pedestrian/bicycle,1036.765,994.166,-2.656,-0.114
P2,341,34100,pedestrian/bicycle,1036.502,994.156,-2.601,-0.097
P2,342,34200,pedestrian/bicycle,1036.244,994.146,-2.55,-0.086
P2,343,34300,pedestrian/bicycle,1035.992,994.138,-2.505,-0.08
P2,344,34400,pedestrian/bicycle,1035.743,994.13,-2.466,-0.076
P2,345,34500,pedestrian/bicycle,1035.498,994.123,-2.431,-0.068
P2,346,34600,pedestrian/bicycle,1035.257,994.117,-2.4,-0.057
P2,347,34700,pedestrian/bicycle,1035.018,994.112,-2.37,-0.046
P2,348,34800,pedestrian/bicycle,1034.783,994.108,-2.34,-0.036
P2,349,34900,pedestrian/bicycle,1034.55,994.105,-2.314,-0.024
P2,350,35000,pedestrian/bicycle,1034.319,994.103,-2.296,-0.01
P2,351,35100,pedestrian/bicycle,1034.09,994.103,-2.286,0.007
P2,352,35200,pedestrian/bicycle,1033.862,994.104,-2.283,0.027
P2,353,35300,pedestrian/bicycle,1033.633,994.108,-2.284,0.051
P2,354,35400,pedestrian/bicycle,1033.405,994.115,-2.289,0.08
P2,355,35500,pedestrian/bicycle,1033.175,994.124,-2.298,0.111
P2,356,35600,pedestrian/bicycle,1032.945,994.137,-2.311,0.142
P2,357,35700,pedestrian/bicycle,1032.713,994.153,-2.329,0.171
P2,358,35800,pedestrian/bicycle,1032.479,994.171,-2.353,0.195
P2,359,35900,pedestrian/bicycle,1032.242,994.191,-2.384,0.213
P2,360,36000,pedestrian/bicycle,1032.002,994.213,-2.425,0.225
P2,361,36100,pedestrian/bicycle,1031.757,994.236,-2.473,0.235
P2,362,36200,pedestrian/bicycle,1031.507,994.26,-2.525,0.242
P2,363,36300,pedestrian/bicycle,1031.252,994.285,-2.574,0.246
P2,364,36400,pedestrian/bicycle,1030.992,994.309,-2.619,0.246
P2,365,36500,pedestrian/bicycle,1030.728,994.334,-2.664,0.244
P2,366,36600,pedestrian/bicycle,1030.459,994.358,-2.709,0.238
P2,367,36700,pedestrian/bicycle,1030.186,994.381,-2.751,0.227
P2,368,36800,pedestrian/bicycle,1029.909,994.403,-2.795,0.207
P2,369,36900,pedestrian/bicycle,1029.627,994.422,-2.843,0.18
P2,370,37000,pedestrian/bicycle,1029.34,994.438,-2.896,0.146
P2,371,37100,pedestrian/bicycle,1029.048,994.451,-2.949,0.106
P2,372,37200,pedestrian/bicycle,1028.751,994.46,-3.001,0.068
P2,373,37300,pedestrian/bicycle,1028.448,994.465,-3.053,0.038
P2,374,37400,pedestrian/bicycle,1028.14,994.468,-3.102,0.017
P2,375,37500,pedestrian/bicycle,1027.828,994.469,-3.146,0.003
P2,376,37600,pedestrian/bicycle,1027.511,994.468,-3.188,-0.009
P2,377,37700,pedestrian/bicycle,1027.19,994.467,-3.225,-0.02
P2,378,37800,pedestrian/bicycle,1026.866,994.464,-3.258,-0.031
P2,379,37900,pedestrian/bicycle,1026.539,994.461,-3.287,-0.043
P2,380,38000,pedestrian/bicycle,1026.209,994.455,-3.311,-0.06
P2,381,38100,pedestrian/bicycle,1025.877,994.448,-3.328,-0.081
P2,382,38200,pedestrian/bicycle,1025.544,994.439,-3.334,-0.105
P2,383,38300,pedestrian/bicycle,1025.211,994.427,-3.333,-0.127
P2,384,38400,pedestrian/bicycle,1024.878,994.414,-3.327,-0.144
P2,385,38500,pedestrian/bicycle,1024.546,994.399,-3.317,-0.158
P2,386,38600,pedestrian/bicycle,1024.214,994.382,-3.307,-0.176
P2,387,38700,pedestrian/bicycle,1023.884,994.363,-3.301,-0.201
P2,388,38800,pedestrian/bicycle,1023.554,994.342,-3.297,-0.232
P2,389,38900,pedestrian/bicycle,1023.225,994.316,-3.293,-0.27
P2,390,39000,pedestrian/bicycle,1022.895,994.287,-3.289,-0.313
P2,391,39100,pedestrian/bicycle,1022.566,994.254,-3.291,-0.359
P2,392,39200,pedestrian/bicycle,1022.237,994.215,-3.301,-0.406
P2,393,39300,pedestrian/bicycle,1021.906,994.173,-3.32,-0.452
P2,394,39400,pedestrian/bicycle,1021.572,994.125,-3.347,-0.497
P2,395,39500,pedestrian/bicycle,1021.236,994.073,-3.375,-0.541
P2,396,39600,pedestrian/bicycle,1020.898,994.017,-3.401,-0.585
P2,397,39700,pedestrian/bicycle,1020.556,993.956,-3.424,-0.627
P2,398,39800,pedestrian/bicycle,1020.213,993.892,-3.441,-0.665
P2,399,39900,pedestrian/bicycle,1019.869,993.824,-3.449,-0.697
P2,400,40000,pedestrian/bicycle,1019.524,993.753,-3.452,-0.722
P2,401,40100,pedestrian/bicycle,1019.178,993.679,-3.451,-0.743
P2,402,40200,pedestrian/bicycle,1018.834,993.604,-3.446,-0.76
P2,403,40300,pedestrian/bicycle,1018.49,993.527,-3.433,-0.776
P2,404,40400,pedestrian/bicycle,1018.147,993.449,-3.415,-0.792
P2,405,40500,pedestrian/bicycle,1017.807,993.369,-3.396,-0.807
P2,406,40600,pedestrian/bicycle,1017.468,993.288,-3.38,-0.822
P2,407,40700,pedestrian/bicycle,1017.13,993.205,-3.367,-0.836
P2,408,40800,pedestrian/bicycle,1016.794,993.121,-3.355,-0.846
P2,409,40900,pedestrian/bicycle,1016.459,993.036,-3.343,-0.848
P2,410,41000,pedestrian/bicycle,1016.126,992.951,-3.334,-0.842
P2,411,41100,pedestrian/bicycle,1015.793,992.868,-3.327,-0.829
P2,412,41200,pedestrian/bicycle,1015.46,992.785,-3.326,-0.817
P2,413,41300,pedestrian/bicycle,1015.127,992.704,-3.331,-0.81
P2,414,41400,pedestrian/bicycle,1014.793,992.623,-3.343,-0.811
P2,415,41500,pedestrian/bicycle,1014.458,992.542,-3.358,-0.819
P2,416,41600,pedestrian/bicycle,1014.122,992.459,-3.372,-0.832
P2,417,41700,pedestrian/bicycle,1013.784,992.375,-3.386,-0.847
P2,418,41800,pedestrian/bicycle,1013.445,992.29,-3.405,-0.859
P2,419,41900,pedestrian/bicycle,1013.103,992.204,-3.429,-0.864
P2,420,42000,pedestrian/bicycle,1012.759,992.117,-3.456,-0.863
P2,421,42100,pedestrian/bicycle,1012.412,992.031,-3.482,-0.854
P2,422,42200,pedestrian/bicycle,1012.062,991.947,-3.508,-0.838
P2,423,42300,pedestrian/bicycle,1011.71,991.864,-3.531,-0.817
P2,424,42400,pedestrian/bicycle,1011.356,991.784,-3.552,-0.792
P2,425,42500,pedestrian/bicycle,1011,991.706,-3.569,-0.763
P2,426,42600,pedestrian/bicycle,1010.642,991.631,-3.584,-0.731
P2,427,42700,pedestrian/bicycle,1010.283,991.56,-3.596,-0.694
P2,428,42800,pedestrian/bicycle,1009.923,991.492,-3.605,-0.659
P2,429,42900,pedestrian/bicycle,1009.562,991.428,-3.619,-0.63
P2,430,43000,pedestrian/bicycle,1009.199,991.366,-3.641,-0.61
P2,431,43100,pedestrian/bicycle,1008.834,991.305,-3.67,-0.603
P2,432,43200,pedestrian/bicycle,1008.465,991.244,-3.704,-0.612
P2,433,43300,pedestrian/bicycle,1008.092,991.182,-3.744,-0.639
P2,434,43400,pedestrian/bicycle,1007.716,991.116,-3.787,-0.684
P2,435,43500,pedestrian/bicycle,1007.335,991.044,-3.827,-0.745
P2,436,43600,pedestrian/bicycle,1006.951,990.966,-3.862,-0.822
P2,437,43700,pedestrian/bicycle,1006.563,990.879,-3.893,-0.913
P2,438,43800,pedestrian/bicycle,1006.172,990.783,-3.922,-1.013
P2,439,43900,pedestrian/bicycle,1005.779,990.676,-3.947,-1.116
P2,440,44000,pedestrian/bicycle,1005.383,990.56,-3.964,-1.217
P2,441,44100,pedestrian/bicycle,1004.987,990.433,-3.969,-1.316
P2,442,44200,pedestrian/bicycle,1004.59,990.297,-3.96,-1.411
P2,443,44300,pedestrian/bicycle,1004.196,990.151,-3.93,-1.496
P2,444,44400,pedestrian/bicycle,1003.806,989.999,-3.868,-1.561
P2,445,44500,pedestrian/bicycle,1003.424,989.84,-3.769,-1.6
P2,446,44600,pedestrian/bicycle,1003.054,989.68,-3.64,-1.612
P2,447,44700,pedestrian/bicycle,1002.697,989.519,-3.493,-1.596
P2,448,44800,pedestrian/bicycle,1002.356,989.362,-3.334,-1.556
P2,449,44900,pedestrian/bicycle,1002.031,989.209,-3.166,-1.494
P2,450,45000,pedestrian/bicycle,1001.723,989.064,-2.99,-1.419
P2,451,45100,pedestrian/bicycle,1001.433,988.926,-2.811,-1.341
P2,452,45200,pedestrian/bicycle,1001.16,988.795,-2.65,-1.27
P2,453,45300,pedestrian/bicycle,1000.901,988.671,-2.53,-1.216
P2,454,45400,pedestrian/bicycle,1000.651,988.551,-2.465,-1.186
P2,455,45500,pedestrian/bicycle,1000.405,988.433,-2.446,-1.178
P4,625,62500,pedestrian/bicycle,1004.361,988.626,2.686,0.785
P4,626,62600,pedestrian/bicycle,1004.625,988.699,2.587,0.692
P4,627,62700,pedestrian/bicycle,1004.879,988.764,2.492,0.598
P4,628,62800,pedestrian/bicycle,1005.124,988.819,2.405,0.511
P4,629,62900,pedestrian/bicycle,1005.361,988.867,2.334,0.435
P4,630,63000,pedestrian/bicycle,1005.592,988.907,2.283,0.373
P4,631,63100,pedestrian/bicycle,1005.819,988.942,2.258,0.324
P4,632,63200,pedestrian/bicycle,1006.045,988.972,2.258,0.286
P4,633,63300,pedestrian/bicycle,1006.271,988.999,2.277,0.257
P4,634,63400,pedestrian/bicycle,1006.501,989.024,2.31,0.237
P4,635,63500,pedestrian/bicycle,1006.734,989.047,2.351,0.226
P4,636,63600,pedestrian/bicycle,1006.971,989.07,2.393,0.221
P4,637,63700,pedestrian/bicycle,1007.212,989.092,2.431,0.22
P4,638,63800,pedestrian/bicycle,1007.457,989.114,2.464,0.219
P4,639,63900,pedestrian/bicycle,1007.705,989.136,2.488,0.217
P4,640,64000,pedestrian/bicycle,1007.954,989.157,2.504,0.216
P4,641,64100,pedestrian/bicycle,1008.205,989.179,2.512,0.216
P4,642,64200,pedestrian/bicycle,1008.457,989.201,2.521,0.22
P4,643,64300,pedestrian/bicycle,1008.709,989.223,2.534,0.232
P4,644,64400,pedestrian/bicycle,1008.963,989.247,2.548,0.249
P4,645,64500,pedestrian/bicycle,1009.219,989.274,2.554,0.273
P4,646,64600,pedestrian/bicycle,1009.474,989.302,2.55,0.301
P4,647,64700,pedestrian/bicycle,1009.728,989.334,2.54,0.334
P4,648,64800,pedestrian/bicycle,1009.982,989.369,2.531,0.372
P4,649,64900,pedestrian/bicycle,1010.235,989.409,2.524,0.413
P4,650,65000,pedestrian/bicycle,1010.487,989.452,2.518,0.458
P4,651,65100,pedestrian/bicycle,1010.738,989.5,2.516,0.508
P4,652,65200,pedestrian/bicycle,1010.99,989.554,2.52,0.56
P4,653,65300,pedestrian/bicycle,1011.243,989.612,2.536,0.61
P4,654,65400,pedestrian/bicycle,1011.498,989.675,2.561,0.652
P4,655,65500,pedestrian/bicycle,1011.755,989.742,2.588,0.686
P4,656,65600,pedestrian/bicycle,1012.015,989.812,2.611,0.715
P4,657,65700,pedestrian/bicycle,1012.277,989.885,2.628,0.74
P4,658,65800,pedestrian/bicycle,1012.54,989.96,2.639,0.762
P4,659,65900,pedestrian/bicycle,1012.805,990.037,2.652,0.781
P4,660,66000,pedestrian/bicycle,1013.071,990.116,2.675,0.793
P4,661,66100,pedestrian/bicycle,1013.341,990.196,2.711,0.798
P4,662,66200,pedestrian/bicycle,1013.614,990.275,2.757,0.797
P4,663,66300,pedestrian/bicycle,1013.892,990.355,2.798,0.793
P4,664,66400,pedestrian/bicycle,1014.173,990.434,2.823,0.784
P4,665,66500,pedestrian/bicycle,1014.455,990.512,2.83,0.771
P4,666,66600,pedestrian/bicycle,1014.738,990.588,2.827,0.759
P4,667,66700,pedestrian/bicycle,1015.021,990.663,2.827,0.747
P4,668,66800,pedestrian/bicycle,1015.304,990.738,2.834,0.739
P4,669,66900,pedestrian/bicycle,1015.588,990.811,2.854,0.734
P4,670,67000,pedestrian/bicycle,1015.876,990.884,2.89,0.731
P4,671,67100,pedestrian/bicycle,1016.167,990.958,2.94,0.73
P4,672,67200,pedestrian/bicycle,1016.464,991.031,3.001,0.734
P4,673,67300,pedestrian/bicycle,1016.768,991.105,3.068,0.742
P4,674,67400,pedestrian/bicycle,1017.078,991.179,3.137,0.748
P4,675,67500,pedestrian/bicycle,1017.395,991.254,3.205,0.752
P4,676,67600,pedestrian/bicycle,1017.719,991.329,3.267,0.753
P4,677,67700,pedestrian/bicycle,1018.048,991.405,3.322,0.756
P4,678,67800,pedestrian/bicycle,1018.383,991.481,3.37,0.761
P4,679,67900,pedestrian/bicycle,1018.722,991.557,3.41,0.768
P4,680,68000,pedestrian/bicycle,1019.064,991.634,3.438,0.767
P4,681,68100,pedestrian/bicycle,1019.409,991.71,3.458,0.756
P4,682,68200,pedestrian/bicycle,1019.756,991.784,3.478,0.737
P4,683,68300,pedestrian/bicycle,1020.104,991.857,3.498,0.711
P4,684,68400,pedestrian/bicycle,1020.455,991.926,3.517,0.679
P4,685,68500,pedestrian/bicycle,1020.808,991.993,3.53,0.646
P4,686,68600,pedestrian/bicycle,1021.161,992.056,3.535,0.615
P4,687,68700,pedestrian/bicycle,1021.514,992.116,3.534,0.585
P4,688,68800,pedestrian/bicycle,1021.867,992.173,3.53,0.555
P4,689,68900,pedestrian/bicycle,1022.22,992.227,3.528,0.526
P4,690,69000,pedestrian/bicycle,1022.573,992.278,3.529,0.497
P4,691,69100,pedestrian/bicycle,1022.926,992.326,3.533,0.466
P4,692,69200,pedestrian/bicycle,1023.28,992.371,3.542,0.434
P4,693,69300,pedestrian/bicycle,1023.635,992.413,3.554,0.403
P4,694,69400,pedestrian/bicycle,1023.991,992.451,3.569,0.367
P4,695,69500,pedestrian/bicycle,1024.348,992.486,3.581,0.325
P4,696,69600,pedestrian/bicycle,1024.707,992.516,3.592,0.277
P4,697,69700,pedestrian/bicycle,1025.067,992.541,3.6,0.224
P4,698,69800,pedestrian/bicycle,1025.427,992.561,3.6,0.17
P4,699,69900,pedestrian/bicycle,1025.786,992.575,3.591,0.117
P4,700,70000,pedestrian/bicycle,1026.144,992.584,3.573,0.066
P4,701,70100,pedestrian/bicycle,1026.501,992.588,3.548,0.015
P4,702,70200,pedestrian/bicycle,1026.854,992.588,3.528,-0.028
P4,703,70300,pedestrian/bicycle,1027.207,992.583,3.516,-0.06
P4,704,70400,pedestrian/bicycle,1027.558,992.576,3.514,-0.078
P4,705,70500,pedestrian/bicycle,1027.91,992.568,3.521,-0.084
P4,706,70600,pedestrian/bicycle,1028.263,992.56,3.534,-0.078
P4,707,70700,pedestrian/bicycle,1028.617,992.553,3.552,-0.06
P4,708,70800,pedestrian/bicycle,1028.973,992.549,3.574,-0.031
P4,709,70900,pedestrian/bicycle,1029.332,992.547,3.601,0.008
P4,710,71000,pedestrian/bicycle,1029.694,992.551,3.634,0.056
P4,711,71100,pedestrian/bicycle,1030.059,992.559,3.672,0.112
P4,712,71200,pedestrian/bicycle,1030.428,992.573,3.712,0.171
P4,713,71300,pedestrian/bicycle,1030.801,992.593,3.747,0.228
P4,714,71400,pedestrian/bicycle,1031.177,992.618,3.776,0.277
P4,715,71500,pedestrian/bicycle,1031.556,992.648,3.796,0.319
P4,716,71600,pedestrian/bicycle,1031.936,992.682,3.808,0.355
P4,717,71700,pedestrian/bicycle,1032.317,992.719,3.819,0.39
P4,718,71800,pedestrian/bicycle,1032.7,992.76,3.836,0.428
P4,719,71900,pedestrian/bicycle,1033.085,992.805,3.86,0.469
P4,720,72000,pedestrian/bicycle,1033.473,992.854,3.894,0.514
P4,721,72100,pedestrian/bicycle,1033.864,992.908,3.94,0.561
P4,722,72200,pedestrian/bicycle,1034.261,992.966,3.991,0.613
P4,723,72300,pedestrian/bicycle,1034.662,993.03,4.04,0.666
P4,724,72400,pedestrian/bicycle,1035.069,993.099,4.087,0.715
P4,725,72500,pedestrian/bicycle,1035.48,993.173,4.128,0.757
P4,726,72600,pedestrian/bicycle,1035.894,993.25,4.163,0.792
P4,727,72700,pedestrian/bicycle,1036.312,993.331,4.198,0.818
P4,728,72800,pedestrian/bicycle,1036.734,993.414,4.237,0.836
P4,729,72900,pedestrian/bicycle,1037.16,993.498,4.281,0.846
P4,730,73000,pedestrian/bicycle,1037.59,993.583,4.327,0.852
P4,731,73100,pedestrian/bicycle,1038.025,993.668,4.372,0.853
P4,732,73200,pedestrian/bicycle,1038.464,993.753,4.411,0.85
P4,733,73300,pedestrian/bicycle,1038.907,993.837,4.444,0.84
P4,734,73400,pedestrian/bicycle,1039.353,993.921,4.469,0.827
P4,735,73500,pedestrian/bicycle,1039.8,994.003,4.487,0.81
P4,736,73600,pedestrian/bicycle,1040.249,994.082,4.495,0.785
P4,737,73700,pedestrian/bicycle,1040.699,994.159,4.492,0.754
P4,738,73800,pedestrian/bicycle,1041.147,994.233,4.48,0.717
P4,739,73900,pedestrian/bicycle,1041.594,994.303,4.456,0.678
P4,740,74000,pedestrian/bicycle,1042.038,994.369,4.418,0.64
P4,741,74100,pedestrian/bicycle,1042.477,994.431,4.364,0.6
P4,742,74200,pedestrian/bicycle,1042.91,994.489,4.287,0.559
P4,743,74300,pedestrian/bicycle,1043.333,994.542,4.187,0.514
P4,744,74400,pedestrian/bicycle,1043.746,994.591,4.062,0.465
P4,745,74500,pedestrian/bicycle,1044.144,994.635,3.907,0.415
P4,746,74600,pedestrian/bicycle,1044.526,994.674,3.727,0.369
P4,747,74700,pedestrian/bicycle,1044.889,994.709,3.537,0.329
P4,748,74800,pedestrian/bicycle,1045.234,994.741,3.361,0.299
P4,749,74900,pedestrian/bicycle,1045.563,994.77,3.225,0.278
P4,750,75000,pedestrian/bicycle,1045.882,994.797,3.149,0.268
P4,751,75100,pedestrian/bicycle,1046.196,994.824,3.127,0.265
P6,930,93000,pedestrian/bicycle,1041.886,991.659,0.753,2.705
P6,931,93100,pedestrian/bicycle,1041.965,991.931,0.819,2.735
P6,932,93200,pedestrian/bicycle,1042.051,992.205,0.891,2.758
P6,933,93300,pedestrian/bicycle,1042.144,992.482,0.971,2.773
P6,934,93400,pedestrian/bicycle,1042.245,992.759,1.061,2.776
P6,935,93500,pedestrian/bicycle,1042.356,993.036,1.158,2.761
P6,936,93600,pedestrian/bicycle,1042.477,993.31,1.259,2.719
P6,937,93700,pedestrian/bicycle,1042.608,993.579,1.361,2.653
P6,938,93800,pedestrian/bicycle,1042.749,993.84,1.46,2.567
P6,939,93900,pedestrian/bicycle,1042.9,994.091,1.557,2.465
P6,940,94000,pedestrian/bicycle,1043.06,994.332,1.65,2.348
P6,941,94100,pedestrian/bicycle,1043.23,994.56,1.738,2.217
P6,942,94200,pedestrian/bicycle,1043.407,994.775,1.819,2.074
P6,943,94300,pedestrian/bicycle,1043.593,994.974,1.892,1.921
P6,944,94400,pedestrian/bicycle,1043.785,995.159,1.95,1.764
P6,945,94500,pedestrian/bicycle,1043.982,995.327,1.989,1.605
P6,946,94600,pedestrian/bicycle,1044.182,995.48,2.005,1.45
P6,947,94700,pedestrian/bicycle,1044.382,995.617,1.998,1.299
P6,948,94800,pedestrian/bicycle,1044.581,995.74,1.97,1.152
P6,949,94900,pedestrian/bicycle,1044.775,995.848,1.925,1.013
P6,950,95000,pedestrian/bicycle,1044.965,995.943,1.869,0.887
P6,951,95100,pedestrian/bicycle,1045.149,996.026,1.806,0.775
P6,952,95200,pedestrian/bicycle,1045.326,996.099,1.737,0.682
P6,953,95300,pedestrian/bicycle,1045.496,996.164,1.668,0.611
P6,954,95400,pedestrian/bicycle,1045.66,996.222,1.61,0.564
P6,955,95500,pedestrian/bicycle,1045.819,996.278,1.577,0.541
P6,956,95600,pedestrian/bicycle,1045.977,996.331,1.567,0.535
P7,1481,148100,pedestrian/bicycle,1045.991,995.453,-3.974,-0.933
P7,1482,148200,pedestrian/bicycle,1045.59,995.361,-4.032,-0.9
P7,1483,148300,pedestrian/bicycle,1045.184,995.273,-4.091,-0.866
P7,1484,148400,pedestrian/bicycle,1044.772,995.188,-4.153,-0.828
P7,1485,148500,pedestrian/bicycle,1044.354,995.107,-4.213,-0.787
P7,1486,148600,pedestrian/bicycle,1043.93,995.031,-4.268,-0.744
P7,1487,148700,pedestrian/bicycle,1043.5,994.959,-4.318,-0.698
P7,1488,148800,pedestrian/bicycle,1043.066,994.891,-4.363,-0.65
P7,1489,148900,pedestrian/bicycle,1042.628,994.829,-4.395,-0.599
P7,1490,149000,pedestrian/bicycle,1042.188,994.772,-4.415,-0.549
P7,1491,149100,pedestrian/bicycle,1041.746,994.719,-4.429,-0.506
P7,1492,149200,pedestrian/bicycle,1041.302,994.67,-4.441,-0.468
P7,1493,149300,pedestrian/bicycle,1040.857,994.625,-4.454,-0.432
P7,1494,149400,pedestrian/bicycle,1040.411,994.584,-4.473,-0.397
P7,1495,149500,pedestrian/bicycle,1039.963,994.546,-4.497,-0.367
P7,1496,149600,pedestrian/bicycle,1039.511,994.51,-4.525,-0.342
P7,1497,149700,pedestrian/bicycle,1039.058,994.477,-4.551,-0.32
P7,1498,149800,pedestrian/bicycle,1038.602,994.446,-4.569,-0.304
P7,1499,149900,pedestrian/bicycle,1038.145,994.416,-4.568,-0.294
P7,1500,150000,pedestrian/bicycle,1037.689,994.387,-4.54,-0.286
P7,1501,150100,pedestrian/bicycle,1037.238,994.359,-4.493,-0.278
P7,1502,150200,pedestrian/bicycle,1036.791,994.331,-4.435,-0.267
P7,1503,150300,pedestrian/bicycle,1036.351,994.306,-4.369,-0.25
P7,1504,150400,pedestrian/bicycle,1035.918,994.281,-4.304,-0.232
P7,1505,150500,pedestrian/bicycle,1035.49,994.259,-4.245,-0.213
P7,1506,150600,pedestrian/bicycle,1035.068,994.239,-4.191,-0.195
P7,1507,150700,pedestrian/bicycle,1034.652,994.22,-4.142,-0.179
P7,1508,150800,pedestrian/bicycle,1034.24,994.203,-4.1,-0.167
P7,1509,150900,pedestrian/bicycle,1033.831,994.186,-4.072,-0.161
P7,1510,151000,pedestrian/bicycle,1033.424,994.17,-4.058,-0.16
P7,1511,151100,pedestrian/bicycle,1033.019,994.154,-4.05,-0.16
P7,1512,151200,pedestrian/bicycle,1032.614,994.138,-4.044,-0.159
P7,1513,151300,pedestrian/bicycle,1032.21,994.122,-4.044,-0.162
P7,1514,151400,pedestrian/bicycle,1031.805,994.106,-4.051,-0.169
P7,1515,151500,pedestrian/bicycle,1031.399,994.088,-4.065,-0.176
P7,1516,151600,pedestrian/bicycle,1030.992,994.071,-4.08,-0.182
P7,1517,151700,pedestrian/bicycle,1030.584,994.052,-4.089,-0.187
P7,1518,151800,pedestrian/bicycle,1030.175,994.033,-4.093,-0.196
P7,1519,151900,pedestrian/bicycle,1029.765,994.013,-4.095,-0.211
P7,1520,152000,pedestrian/bicycle,1029.356,993.991,-4.098,-0.229
P7,1521,152100,pedestrian/bicycle,1028.945,993.967,-4.104,-0.249
P7,1522,152200,pedestrian/bicycle,1028.535,993.941,-4.111,-0.273
P7,1523,152300,pedestrian/bicycle,1028.124,993.912,-4.111,-0.301
P7,1524,152400,pedestrian/bicycle,1027.713,993.88,-4.108,-0.333
P7,1525,152500,pedestrian/bicycle,1027.302,993.845,-4.105,-0.37
P7,1526,152600,pedestrian/bicycle,1026.892,993.806,-4.102,-0.406
P7,1527,152700,pedestrian/bicycle,1026.482,993.764,-4.097,-0.44
P7,1528,152800,pedestrian/bicycle,1026.073,993.718,-4.086,-0.472
P7,1529,152900,pedestrian/bicycle,1025.665,993.669,-4.067,-0.505
P7,1530,153000,pedestrian/bicycle,1025.259,993.617,-4.046,-0.542
P7,1531,153100,pedestrian/bicycle,1024.856,993.561,-4.027,-0.581
P7,1532,153200,pedestrian/bicycle,1024.454,993.501,-4.012,-0.618
P7,1533,153300,pedestrian/bicycle,1024.053,993.437,-4.002,-0.652
P7,1534,153400,pedestrian/bicycle,1023.653,993.37,-4,-0.687
P7,1535,153500,pedestrian/bicycle,1023.253,993.3,-4.005,-0.72
P7,1536,153600,pedestrian/bicycle,1022.851,993.227,-4.023,-0.749
P7,1537,153700,pedestrian/bicycle,1022.447,993.151,-4.051,-0.775
P7,1538,153800,pedestrian/bicycle,1022.041,993.072,-4.084,-0.799
P7,1539,153900,pedestrian/bicycle,1021.631,992.991,-4.117,-0.822
P7,1540,154000,pedestrian/bicycle,1021.218,992.908,-4.145,-0.841
P7,1541,154100,pedestrian/bicycle,1020.802,992.823,-4.167,-0.858
P7,1542,154200,pedestrian/bicycle,1020.384,992.736,-4.182,-0.871
P7,1543,154300,pedestrian/bicycle,1019.966,992.649,-4.185,-0.876
P7,1544,154400,pedestrian/bicycle,1019.548,992.562,-4.182,-0.87
P7,1545,154500,pedestrian/bicycle,1019.13,992.475,-4.18,-0.856
P7,1546,154600,pedestrian/bicycle,1018.712,992.39,-4.177,-0.839
P7,1547,154700,pedestrian/bicycle,1018.295,992.307,-4.171,-0.823
P7,1548,154800,pedestrian/bicycle,1017.878,992.226,-4.162,-0.809
P7,1549,154900,pedestrian/bicycle,1017.462,992.145,-4.15,-0.797
P7,1550,155000,pedestrian/bicycle,1017.048,992.066,-4.141,-0.787
P7,1551,155100,pedestrian/bicycle,1016.634,991.988,-4.135,-0.777
P7,1552,155200,pedestrian/bicycle,1016.221,991.911,-4.128,-0.767
P7,1553,155300,pedestrian/bicycle,1015.808,991.835,-4.123,-0.754
P7,1554,155400,pedestrian/bicycle,1015.396,991.76,-4.121,-0.736
P7,1555,155500,pedestrian/bicycle,1014.984,991.688,-4.122,-0.715
P7,1556,155600,pedestrian/bicycle,1014.571,991.617,-4.133,-0.693
P7,1557,155700,pedestrian/bicycle,1014.157,991.549,-4.156,-0.676
P7,1558,155800,pedestrian/bicycle,1013.739,991.482,-4.195,-0.668
P7,1559,155900,pedestrian/bicycle,1013.317,991.415,-4.253,-0.67
P7,1560,156000,pedestrian/bicycle,1012.888,991.347,-4.314,-0.678
P7,1561,156100,pedestrian/bicycle,1012.454,991.279,-4.365,-0.689
P7,1562,156200,pedestrian/bicycle,1012.016,991.21,-4.409,-0.701
P7,1563,156300,pedestrian/bicycle,1011.573,991.139,-4.445,-0.712
P7,1564,156400,pedestrian/bicycle,1011.127,991.067,-4.465,-0.721
P7,1565,156500,pedestrian/bicycle,1010.681,990.995,-4.471,-0.726
P7,1566,156600,pedestrian/bicycle,1010.234,990.922,-4.472,-0.731
P7,1567,156700,pedestrian/bicycle,1009.786,990.848,-4.47,-0.742
P7,1568,156800,pedestrian/bicycle,1009.34,990.773,-4.462,-0.761
P7,1569,156900,pedestrian/bicycle,1008.894,990.696,-4.453,-0.791
P7,1570,157000,pedestrian/bicycle,1008.449,990.615,-4.45,-0.832
P7,1571,157100,pedestrian/bicycle,1008.004,990.529,-4.457,-0.88
P7,1572,157200,pedestrian/bicycle,1007.557,990.438,-4.469,-0.937
P7,1573,157300,pedestrian/bicycle,1007.11,990.341,-4.486,-1.003
P7,1574,157400,pedestrian/bicycle,1006.66,990.237,-4.5,-1.074
P7,1575,157500,pedestrian/bicycle,1006.21,990.126,-4.514,-1.148
P7,1576,157600,pedestrian/bicycle,1005.757,990.008,-4.527,-1.22
P7,1577,157700,pedestrian/bicycle,1005.304,989.882,-4.533,-1.289
P7,1578,157800,pedestrian/bicycle,1004.852,989.75,-4.522,-1.354
P7,1579,157900,pedestrian/bicycle,1004.401,989.612,-4.489,-1.414
P7,1580,158000,pedestrian/bicycle,1003.955,989.468,-4.428,-1.463
P7,1581,158100,pedestrian/bicycle,1003.518,989.32,-4.329,-1.496
P7,1582,158200,pedestrian/bicycle,1003.092,989.17,-4.192,-1.51
P7,1583,158300,pedestrian/bicycle,1002.681,989.019,-4.025,-1.506
P7,1584,158400,pedestrian/bicycle,1002.288,988.869,-3.834,-1.484
P7,1585,158500,pedestrian/bicycle,1001.915,988.723,-3.622,-1.445
P7,1586,158600,pedestrian/bicycle,1001.564,988.581,-3.402,-1.395
P7,1587,158700,pedestrian/bicycle,1001.233,988.444,-3.204,-1.34
P7,1588,158800,pedestrian/bicycle,1000.92,988.313,-3.057,-1.294
P7,1589,158900,pedestrian/bicycle,1000.619,988.185,-2.978,-1.267
P7,1590,159000,pedestrian/bicycle,1000.322,988.058,-2.955,-1.259
P8,2803,280300,pedestrian/bicycle,1041.353,991.575,0.683,2.764
P8,2804,280400,pedestrian/bicycle,1041.431,991.856,0.871,2.841
P8,2805,280500,pedestrian/bicycle,1041.527,992.143,1.064,2.913
P8,2806,280600,pedestrian/bicycle,1041.643,992.438,1.259,2.974
P8,2807,280700,pedestrian/bicycle,1041.779,992.737,1.449,3.015
P8,2808,280800,pedestrian/bicycle,1041.933,993.039,1.625,3.029
P8,2809,280900,pedestrian/bicycle,1042.103,993.341,1.777,3.01
P8,2810,281000,pedestrian/bicycle,1042.287,993.64,1.906,2.957
P8,2811,281100,pedestrian/bicycle,1042.483,993.931,2.011,2.871
P8,2812,281200,pedestrian/bicycle,1042.688,994.212,2.095,2.756
P8,2813,281300,pedestrian/bicycle,1042.901,994.481,2.163,2.618
P8,2814,281400,pedestrian/bicycle,1043.12,994.735,2.222,2.462
P8,2815,281500,pedestrian/bicycle,1043.345,994.973,2.274,2.292
P8,2816,281600,pedestrian/bicycle,1043.574,995.193,2.316,2.11
P8,2817,281700,pedestrian/bicycle,1043.807,995.394,2.344,1.916
P8,2818,281800,pedestrian/bicycle,1044.042,995.576,2.353,1.717
P8,2819,281900,pedestrian/bicycle,1044.277,995.738,2.342,1.52
P8,2820,282000,pedestrian/bicycle,1044.509,995.88,2.309,1.33
P8,2821,282100,pedestrian/bicycle,1044.738,996.004,2.256,1.154
P8,2822,282200,pedestrian/bicycle,1044.96,996.112,2.19,0.995
P8,2823,282300,pedestrian/bicycle,1045.175,996.204,2.115,0.857
P8,2824,282400,pedestrian/bicycle,1045.383,996.284,2.035,0.74
P8,2825,282500,pedestrian/bicycle,1045.582,996.354,1.953,0.648
P8,2826,282600,pedestrian/bicycle,1045.773,996.415,1.872,0.581
P8,2827,282700,pedestrian/bicycle,1045.957,996.471,1.807,0.537
P8,2828,282800,pedestrian/bicycle,1046.136,996.524,1.769,0.514
P8,2829,282900,pedestrian/bicycle,1046.312,996.575,1.757,0.508
P3,585,58500,pedestrian/bicycle,1000.62,988.346,0.474,0.558
P3,586,58600,pedestrian/bicycle,1000.667,988.402,0.46,0.563
P3,587,58700,pedestrian/bicycle,1000.712,988.458,0.448,0.563
P3,588,58800,pedestrian/bicycle,1000.756,988.514,0.437,0.559
P3,589,58900,pedestrian/bicycle,1000.8,988.57,0.431,0.554
P3,590,59000,pedestrian/bicycle,1000.843,988.625,0.427,0.547
P3,591,59100,pedestrian/bicycle,1000.885,988.679,0.424,0.539
P3,592,59200,pedestrian/bicycle,1000.928,988.733,0.426,0.532
P3,593,59300,pedestrian/bicycle,1000.971,988.786,0.436,0.525
P3,594,59400,pedestrian/bicycle,1001.015,988.838,0.454,0.513
P3,595,59500,pedestrian/bicycle,1001.062,988.888,0.478,0.489
P3,596,59600,pedestrian/bicycle,1001.111,988.935,0.501,0.446
P3,597,59700,pedestrian/bicycle,1001.162,988.976,0.524,0.379
P3,598,59800,pedestrian/bicycle,1001.215,989.009,0.544,0.284
P3,599,59900,pedestrian/bicycle,1001.271,989.031,0.563,0.156
P3,600,60000,pedestrian/bicycle,1001.328,989.039,0.573,-0.008
P3,601,60100,pedestrian/bicycle,1001.385,989.028,0.568,-0.209
P3,602,60200,pedestrian/bicycle,1001.44,988.995,0.541,-0.446
P3,603,60300,pedestrian/bicycle,1001.492,988.937,0.493,-0.71
P3,604,60400,pedestrian/bicycle,1001.538,988.852,0.431,-0.986
P3,605,60500,pedestrian/bicycle,1001.578,988.741,0.37,-1.251
P3,606,60600,pedestrian/bicycle,1001.613,988.605,0.331,-1.467
P3,607,60700,pedestrian/bicycle,1001.647,988.452,0.337,-1.589
P3,608,60800,pedestrian/bicycle,1001.684,988.294,0.406,-1.559
P3,609,60900,pedestrian/bicycle,1001.731,988.148,0.539,-1.375
P3,610,61000,pedestrian/bicycle,1001.794,988.025,0.722,-1.086
P3,611,61100,pedestrian/bicycle,1001.877,987.934,0.939,-0.732
P3,612,61200,pedestrian/bicycle,1001.983,987.88,1.176,-0.339
P3,613,61300,pedestrian/bicycle,1002.112,987.867,1.415,0.07
P3,614,61400,pedestrian/bicycle,1002.265,987.894,1.642,0.478
P3,615,61500,pedestrian/bicycle,1002.44,987.962,1.848,0.874
P3,616,61600,pedestrian/bicycle,1002.634,988.068,2.037,1.249
P3,617,61700,pedestrian/bicycle,1002.846,988.21,2.21,1.59
P3,618,61800,pedestrian/bicycle,1003.075,988.383,2.365,1.881
P3,619,61900,pedestrian/bicycle,1003.318,988.582,2.493,2.097
P3,620,62000,pedestrian/bicycle,1003.572,988.798,2.58,2.21
P3,621,62100,pedestrian/bicycle,1003.833,989.021,2.641,2.259
P3,622,62200,pedestrian/bicycle,1004.099,989.248,2.684,2.269
P3,623,62300,pedestrian/bicycle,1004.367,989.47,2.683,2.175
P3,624,62400,pedestrian/bicycle,1004.633,989.677,2.637,1.972
P3,625,62500,pedestrian/bicycle,1004.894,989.861,2.568,1.713
P3,626,62600,pedestrian/bicycle,1005.147,990.019,2.491,1.44
P3,627,62700,pedestrian/bicycle,1005.392,990.15,2.415,1.181
P3,628,62800,pedestrian/bicycle,1005.63,990.257,2.342,0.958
P3,629,62900,pedestrian/bicycle,1005.861,990.344,2.283,0.777
P3,630,63000,pedestrian/bicycle,1006.087,990.415,2.243,0.639
P3,631,63100,pedestrian/bicycle,1006.31,990.474,2.221,0.543
P3,632,63200,pedestrian/bicycle,1006.532,990.525,2.214,0.487
P3,633,63300,pedestrian/bicycle,1006.754,990.573,2.217,0.462
P3,634,63400,pedestrian/bicycle,1006.976,990.619,2.229,0.464
P3,635,63500,pedestrian/bicycle,1007.2,990.667,2.246,0.487
P3,636,63600,pedestrian/bicycle,1007.425,990.717,2.265,0.52
P3,637,63700,pedestrian/bicycle,1007.653,990.771,2.284,0.559
P3,638,63800,pedestrian/bicycle,1007.882,990.829,2.304,0.602
P3,639,63900,pedestrian/bicycle,1008.114,990.891,2.325,0.642
P3,640,64000,pedestrian/bicycle,1008.347,990.957,2.347,0.676
P3,641,64100,pedestrian/bicycle,1008.583,991.026,2.367,0.705
P3,642,64200,pedestrian/bicycle,1008.821,991.098,2.386,0.733
P3,643,64300,pedestrian/bicycle,1009.06,991.173,2.402,0.762
P3,644,64400,pedestrian/bicycle,1009.301,991.25,2.415,0.789
P3,645,64500,pedestrian/bicycle,1009.543,991.33,2.427,0.808
P3,646,64600,pedestrian/bicycle,1009.786,991.411,2.436,0.817
P3,647,64700,pedestrian/bicycle,1010.03,991.493,2.442,0.814
P3,648,64800,pedestrian/bicycle,1010.275,991.574,2.451,0.805
P3,649,64900,pedestrian/bicycle,1010.52,991.654,2.467,0.791
P3,650,65000,pedestrian/bicycle,1010.769,991.732,2.493,0.774
P3,651,65100,pedestrian/bicycle,1011.02,991.809,2.529,0.758
P3,652,65200,pedestrian/bicycle,1011.274,991.884,2.568,0.744
P3,653,65300,pedestrian/bicycle,1011.533,991.958,2.603,0.734
P3,654,65400,pedestrian/bicycle,1011.795,992.031,2.632,0.729
P3,655,65500,pedestrian/bicycle,1012.059,992.104,2.657,0.728
P3,656,65600,pedestrian/bicycle,1012.326,992.177,2.675,0.732
P3,657,65700,pedestrian/bicycle,1012.594,992.25,2.689,0.738
P3,658,65800,pedestrian/bicycle,1012.863,992.324,2.703,0.746
P3,659,65900,pedestrian/bicycle,1013.134,992.399,2.716,0.754
P3,660,66000,pedestrian/bicycle,1013.407,992.475,2.732,0.759
P3,661,66100,pedestrian/bicycle,1013.681,992.551,2.753,0.76
P3,662,66200,pedestrian/bicycle,1013.958,992.627,2.78,0.756
P3,663,66300,pedestrian/bicycle,1014.238,992.702,2.816,0.745
P3,664,66400,pedestrian/bicycle,1014.521,992.775,2.862,0.728
P3,665,66500,pedestrian/bicycle,1014.81,992.847,2.914,0.703
P3,666,66600,pedestrian/bicycle,1015.104,992.916,2.968,0.675
P3,667,66700,pedestrian/bicycle,1015.404,992.982,3.027,0.643
P3,668,66800,pedestrian/bicycle,1015.71,993.044,3.089,0.609
P3,669,66900,pedestrian/bicycle,1016.022,993.103,3.156,0.571
P3,670,67000,pedestrian/bicycle,1016.341,993.158,3.228,0.528
P3,671,67100,pedestrian/bicycle,1016.668,993.209,3.305,0.479
P3,672,67200,pedestrian/bicycle,1017.002,993.254,3.387,0.426
P3,673,67300,pedestrian/bicycle,1017.345,993.294,3.471,0.375
P3,674,67400,pedestrian/bicycle,1017.697,993.329,3.554,0.328
P3,675,67500,pedestrian/bicycle,1018.056,993.36,3.631,0.29
P3,676,67600,pedestrian/bicycle,1018.422,993.388,3.698,0.259
P3,677,67700,pedestrian/bicycle,1018.795,993.412,3.748,0.236
P3,678,67800,pedestrian/bicycle,1019.171,993.435,3.777,0.22
P3,679,67900,pedestrian/bicycle,1019.549,993.457,3.791,0.211
P3,680,68000,pedestrian/bicycle,1019.929,993.477,3.795,0.207
P3,681,68100,pedestrian/bicycle,1020.308,993.498,3.793,0.204
P3,682,68200,pedestrian/bicycle,1020.687,993.518,3.788,0.199
P3,683,68300,pedestrian/bicycle,1021.065,993.538,3.776,0.189
P3,684,68400,pedestrian/bicycle,1021.442,993.556,3.758,0.172
P3,685,68500,pedestrian/bicycle,1021.817,993.572,3.739,0.148
P3,686,68600,pedestrian/bicycle,1022.19,993.585,3.722,0.117
P3,687,68700,pedestrian/bicycle,1022.561,993.595,3.709,0.083
P3,688,68800,pedestrian/bicycle,1022.932,993.601,3.7,0.045
P3,689,68900,pedestrian/bicycle,1023.302,993.604,3.697,0.006
P3,690,69000,pedestrian/bicycle,1023.672,993.603,3.7,-0.029
P3,691,69100,pedestrian/bicycle,1024.042,993.598,3.704,-0.058
P3,692,69200,pedestrian/bicycle,1024.412,993.592,3.706,-0.079
P3,693,69300,pedestrian/bicycle,1024.783,993.583,3.704,-0.092
P3,694,69400,pedestrian/bicycle,1025.153,993.573,3.701,-0.098
P3,695,69500,pedestrian/bicycle,1025.523,993.564,3.697,-0.099
P3,696,69600,pedestrian/bicycle,1025.892,993.554,3.694,-0.091
P3,697,69700,pedestrian/bicycle,1026.262,993.546,3.693,-0.068
P3,698,69800,pedestrian/bicycle,1026.631,993.541,3.694,-0.028
P3,699,69900,pedestrian/bicycle,1027.001,993.541,3.696,0.026
P3,700,70000,pedestrian/bicycle,1027.37,993.547,3.697,0.09
P3,701,70100,pedestrian/bicycle,1027.74,993.559,3.696,0.162
P3,702,70200,pedestrian/bicycle,1028.109,993.579,3.692,0.236
P3,703,70300,pedestrian/bicycle,1028.479,993.606,3.691,0.304
P3,704,70400,pedestrian/bicycle,1028.848,993.64,3.701,0.365
P3,705,70500,pedestrian/bicycle,1029.219,993.679,3.717,0.421
P3,706,70600,pedestrian/bicycle,1029.592,993.724,3.734,0.472
P3,707,70700,pedestrian/bicycle,1029.966,993.773,3.753,0.513
P3,708,70800,pedestrian/bicycle,1030.342,993.826,3.774,0.543
P3,709,70900,pedestrian/bicycle,1030.721,993.881,3.795,0.56
P3,710,71000,pedestrian/bicycle,1031.101,993.937,3.819,0.565
P3,711,71100,pedestrian/bicycle,1031.485,993.993,3.846,0.56
P3,712,71200,pedestrian/bicycle,1031.871,994.049,3.88,0.548
P3,713,71300,pedestrian/bicycle,1032.261,994.103,3.924,0.532
P3,714,71400,pedestrian/bicycle,1032.656,994.155,3.978,0.513
P3,715,71500,pedestrian/bicycle,1033.057,994.205,4.035,0.494
P3,716,71600,pedestrian/bicycle,1033.463,994.254,4.091,0.477
P3,717,71700,pedestrian/bicycle,1033.875,994.301,4.145,0.463
P3,718,71800,pedestrian/bicycle,1034.292,994.347,4.194,0.453
P3,719,71900,pedestrian/bicycle,1034.714,994.392,4.239,0.452
P3,720,72000,pedestrian/bicycle,1035.139,994.438,4.278,0.46
P3,721,72100,pedestrian/bicycle,1035.569,994.484,4.31,0.475
P3,722,72200,pedestrian/bicycle,1036.001,994.533,4.333,0.494
P3,723,72300,pedestrian/bicycle,1036.435,994.583,4.351,0.515
P3,724,72400,pedestrian/bicycle,1036.871,994.636,4.367,0.539
P3,725,72500,pedestrian/bicycle,1037.309,994.691,4.386,0.566
P3,726,72600,pedestrian/bicycle,1037.749,994.749,4.413,0.595
P3,727,72700,pedestrian/bicycle,1038.191,994.81,4.44,0.62
P3,728,72800,pedestrian/bicycle,1038.636,994.873,4.461,0.639
P3,729,72900,pedestrian/bicycle,1039.083,994.938,4.478,0.653
P3,730,73000,pedestrian/bicycle,1039.532,995.004,4.492,0.665
P3,731,73100,pedestrian/bicycle,1039.981,995.071,4.502,0.675
P3,732,73200,pedestrian/bicycle,1040.432,995.139,4.507,0.684
P3,733,73300,pedestrian/bicycle,1040.882,995.208,4.504,0.696
P3,734,73400,pedestrian/bicycle,1041.332,995.278,4.493,0.712
P3,735,73500,pedestrian/bicycle,1041.78,995.35,4.471,0.733
P3,736,73600,pedestrian/bicycle,1042.226,995.425,4.446,0.757
P3,737,73700,pedestrian/bicycle,1042.67,995.502,4.426,0.781
P3,738,73800,pedestrian/bicycle,1043.112,995.581,4.413,0.803
P3,739,73900,pedestrian/bicycle,1043.552,995.662,4.4,0.82
P3,740,74000,pedestrian/bicycle,1043.992,995.745,4.387,0.832
P3,741,74100,pedestrian/bicycle,1044.43,995.828,4.377,0.84
P3,742,74200,pedestrian/bicycle,1044.867,995.912,4.371,0.844
P3,743,74300,pedestrian/bicycle,1045.304,995.997,4.369,0.845
P3,744,74400,pedestrian/bicycle,1045.741,996.081,4.369,0.846
P5,638,63800,pedestrian/bicycle,1039.07,991.443,-0.986,1.232
P5,639,63900,pedestrian/bicycle,1038.967,991.565,-1.074,1.208
P5,640,64000,pedestrian/bicycle,1038.855,991.684,-1.16,1.185
P5,641,64100,pedestrian/bicycle,1038.735,991.802,-1.242,1.162
P5,642,64200,pedestrian/bicycle,1038.607,991.917,-1.316,1.138
P5,643,64300,pedestrian/bicycle,1038.473,992.029,-1.379,1.113
P5,644,64400,pedestrian/bicycle,1038.332,992.139,-1.433,1.085
P5,645,64500,pedestrian/bicycle,1038.186,992.246,-1.484,1.055
P5,646,64600,pedestrian/bicycle,1038.035,992.35,-1.532,1.027
P5,647,64700,pedestrian/bicycle,1037.88,992.451,-1.571,0.999
P5,648,64800,pedestrian/bicycle,1037.722,992.55,-1.6,0.968
P5,649,64900,pedestrian/bicycle,1037.56,992.645,-1.625,0.931
P5,650,65000,pedestrian/bicycle,1037.397,992.736,-1.647,0.89
P5,651,65100,pedestrian/bicycle,1037.231,992.822,-1.664,0.846
P5,652,65200,pedestrian/bicycle,1037.065,992.905,-1.67,0.797
P5,653,65300,pedestrian/bicycle,1036.898,992.982,-1.669,0.746
P5,654,65400,pedestrian/bicycle,1036.731,993.054,-1.664,0.7
P5,655,65500,pedestrian/bicycle,1036.565,993.122,-1.661,0.66
P5,656,65600,pedestrian/bicycle,1036.399,993.186,-1.659,0.627
P5,657,65700,pedestrian/bicycle,1036.233,993.248,-1.655,0.599
P5,658,65800,pedestrian/bicycle,1036.068,993.307,-1.654,0.578
P5,659,65900,pedestrian/bicycle,1035.902,993.364,-1.659,0.561
P5,660,66000,pedestrian/bicycle,1035.736,993.419,-1.669,0.543
P5,661,66100,pedestrian/bicycle,1035.568,993.472,-1.681,0.523
P5,662,66200,pedestrian/bicycle,1035.4,993.523,-1.69,0.501
P5,663,66300,pedestrian/bicycle,1035.23,993.572,-1.699,0.481
P5,664,66400,pedestrian/bicycle,1035.06,993.62,-1.706,0.464
P5,665,66500,pedestrian/bicycle,1034.889,993.665,-1.711,0.45
P5,666,66600,pedestrian/bicycle,1034.718,993.71,-1.711,0.437
P5,667,66700,pedestrian/bicycle,1034.547,993.753,-1.709,0.427
P5,668,66800,pedestrian/bicycle,1034.376,993.795,-1.711,0.418
P5,669,66900,pedestrian/bicycle,1034.205,993.836,-1.716,0.41
P5,670,67000,pedestrian/bicycle,1034.033,993.877,-1.717,0.401
P5,671,67100,pedestrian/bicycle,1033.861,993.916,-1.714,0.387
P5,672,67200,pedestrian/bicycle,1033.69,993.954,-1.711,0.367
P5,673,67300,pedestrian/bicycle,1033.519,993.99,-1.709,0.345
P5,674,67400,pedestrian/bicycle,1033.348,994.023,-1.706,0.324
P5,675,67500,pedestrian/bicycle,1033.178,994.055,-1.7,0.308
P5,676,67600,pedestrian/bicycle,1033.008,994.085,-1.693,0.299
P5,677,67700,pedestrian/bicycle,1032.839,994.115,-1.687,0.294
P5,678,67800,pedestrian/bicycle,1032.671,994.144,-1.685,0.292
P5,679,67900,pedestrian/bicycle,1032.502,994.173,-1.686,0.289
P5,680,68000,pedestrian/bicycle,1032.334,994.202,-1.686,0.285
P5,681,68100,pedestrian/bicycle,1032.165,994.23,-1.687,0.281
P5,682,68200,pedestrian/bicycle,1031.996,994.258,-1.69,0.279
P5,683,68300,pedestrian/bicycle,1031.827,994.286,-1.695,0.276
P5,684,68400,pedestrian/bicycle,1031.657,994.313,-1.698,0.273
P5,685,68500,pedestrian/bicycle,1031.487,994.34,-1.704,0.269
P5,686,68600,pedestrian/bicycle,1031.316,994.367,-1.713,0.262
P5,687,68700,pedestrian/bicycle,1031.144,994.392,-1.725,0.249
P5,688,68800,pedestrian/bicycle,1030.971,994.416,-1.736,0.229
P5,689,68900,pedestrian/bicycle,1030.797,994.438,-1.745,0.2
P5,690,69000,pedestrian/bicycle,1030.622,994.456,-1.753,0.166
P5,691,69100,pedestrian/bicycle,1030.447,994.471,-1.761,0.127
P5,692,69200,pedestrian/bicycle,1030.27,994.481,-1.767,0.087
P5,693,69300,pedestrian/bicycle,1030.093,994.488,-1.771,0.048
P5,694,69400,pedestrian/bicycle,1029.916,994.491,-1.776,0.01
P5,695,69500,pedestrian/bicycle,1029.738,994.49,-1.78,-0.025
P5,696,69600,pedestrian/bicycle,1029.56,994.486,-1.784,-0.056
P5,697,69700,pedestrian/bicycle,1029.382,994.479,-1.787,-0.082
P5,698,69800,pedestrian/bicycle,1029.203,994.47,-1.787,-0.102
P5,699,69900,pedestrian/bicycle,1029.024,994.459,-1.785,-0.115
P5,700,70000,pedestrian/bicycle,1028.846,994.447,-1.784,-0.125
P5,701,70100,pedestrian/bicycle,1028.667,994.434,-1.787,-0.137
P5,702,70200,pedestrian/bicycle,1028.488,994.42,-1.795,-0.156
P5,703,70300,pedestrian/bicycle,1028.308,994.403,-1.803,-0.184
P5,704,70400,pedestrian/bicycle,1028.128,994.383,-1.808,-0.215
P5,705,70500,pedestrian/bicycle,1027.947,994.36,-1.814,-0.243
P5,706,70600,pedestrian/bicycle,1027.765,994.334,-1.819,-0.266
P5,707,70700,pedestrian/bicycle,1027.583,994.307,-1.822,-0.28
P5,708,70800,pedestrian/bicycle,1027.401,994.279,-1.821,-0.286
P5,709,70900,pedestrian/bicycle,1027.219,994.25,-1.819,-0.286
P5,710,71000,pedestrian/bicycle,1027.037,994.222,-1.816,-0.279
P5,711,71100,pedestrian/bicycle,1026.856,994.195,-1.813,-0.265
P5,712,71200,pedestrian/bicycle,1026.675,994.169,-1.808,-0.243
P5,713,71300,pedestrian/bicycle,1026.494,994.146,-1.802,-0.215
P5,714,71400,pedestrian/bicycle,1026.314,994.126,-1.798,-0.185
P5,715,71500,pedestrian/bicycle,1026.135,994.109,-1.795,-0.157
P5,716,71600,pedestrian/bicycle,1025.955,994.095,-1.791,-0.132
P5,717,71700,pedestrian/bicycle,1025.776,994.083,-1.79,-0.111
P5,718,71800,pedestrian/bicycle,1025.597,994.072,-1.796,-0.098
P5,719,71900,pedestrian/bicycle,1025.417,994.063,-1.804,-0.091
P5,720,72000,pedestrian/bicycle,1025.236,994.054,-1.809,-0.093
P5,721,72100,pedestrian/bicycle,1025.055,994.044,-1.813,-0.101
P5,722,72200,pedestrian/bicycle,1024.873,994.033,-1.819,-0.109
P5,723,72300,pedestrian/bicycle,1024.691,994.022,-1.822,-0.116
P5,724,72400,pedestrian/bicycle,1024.509,994.01,-1.82,-0.121
P5,725,72500,pedestrian/bicycle,1024.327,993.998,-1.818,-0.127
P5,726,72600,pedestrian/bicycle,1024.146,993.985,-1.813,-0.132
P5,727,72700,pedestrian/bicycle,1023.965,993.972,-1.802,-0.137
P5,728,72800,pedestrian/bicycle,1023.786,993.958,-1.782,-0.141
P5,729,72900,pedestrian/bicycle,1023.609,993.943,-1.755,-0.144
P5,730,73000,pedestrian/bicycle,1023.435,993.929,-1.726,-0.145
P5,731,73100,pedestrian/bicycle,1023.263,993.915,-1.705,-0.143
P5,732,73200,pedestrian/bicycle,1023.093,993.9,-1.695,-0.139
P5,733,73300,pedestrian/bicycle,1022.924,993.887,-1.692,-0.134
P5,734,73400,pedestrian/bicycle,1022.755,993.874,-1.693,-0.127
P5,735,73500,pedestrian/bicycle,1022.585,993.861,-1.703,-0.123
P5,736,73600,pedestrian/bicycle,1022.414,993.849,-1.721,-0.123
P5,737,73700,pedestrian/bicycle,1022.241,993.836,-1.741,-0.127
P5,738,73800,pedestrian/bicycle,1022.066,993.824,-1.758,-0.13
P5,739,73900,pedestrian/bicycle,1021.889,993.811,-1.771,-0.131
P5,740,74000,pedestrian/bicycle,1021.711,993.797,-1.783,-0.132
P5,741,74100,pedestrian/bicycle,1021.532,993.784,-1.796,-0.133
P5,742,74200,pedestrian/bicycle,1021.352,993.771,-1.81,-0.135
P5,743,74300,pedestrian/bicycle,1021.17,993.757,-1.823,-0.139
P5,744,74400,pedestrian/bicycle,1020.988,993.743,-1.832,-0.145
P5,745,74500,pedestrian/bicycle,1020.804,993.728,-1.838,-0.152
P5,746,74600,pedestrian/bicycle,1020.62,993.712,-1.845,-0.16
P5,747,74700,pedestrian/bicycle,1020.435,993.696,-1.852,-0.167
P5,748,74800,pedestrian/bicycle,1020.25,993.679,-1.855,-0.172
P5,749,74900,pedestrian/bicycle,1020.065,993.662,-1.851,-0.175
P5,750,75000,pedestrian/bicycle,1019.88,993.644,-1.841,-0.18
P5,751,75100,pedestrian/bicycle,1019.697,993.626,-1.823,-0.186
P5,752,75200,pedestrian/bicycle,1019.516,993.607,-1.798,-0.192
P5,753,75300,pedestrian/bicycle,1019.337,993.587,-1.773,-0.199
P5,754,75400,pedestrian/bicycle,1019.161,993.567,-1.755,-0.209
P5,755,75500,pedestrian/bicycle,1018.986,993.545,-1.748,-0.22
P5,756,75600,pedestrian/bicycle,1018.811,993.523,-1.749,-0.231
P5,757,75700,pedestrian/bicycle,1018.636,993.499,-1.753,-0.24
P5,758,75800,pedestrian/bicycle,1018.46,993.475,-1.761,-0.246
P5,759,75900,pedestrian/bicycle,1018.283,993.45,-1.771,-0.25
P5,760,76000,pedestrian/bicycle,1018.106,993.425,-1.78,-0.252
P5,761,76100,pedestrian/bicycle,1017.928,993.4,-1.782,-0.252
P5,762,76200,pedestrian/bicycle,1017.75,993.375,-1.779,-0.248
P5,763,76300,pedestrian/bicycle,1017.572,993.35,-1.773,-0.246
P5,764,76400,pedestrian/bicycle,1017.395,993.326,-1.767,-0.245
P5,765,76500,pedestrian/bicycle,1017.219,993.301,-1.759,-0.246
P5,766,76600,pedestrian/bicycle,1017.044,993.276,-1.745,-0.247
P5,767,76700,pedestrian/bicycle,1016.87,993.252,-1.729,-0.246
P5,768,76800,pedestrian/bicycle,1016.698,993.227,-1.717,-0.243
P5,769,76900,pedestrian/bicycle,1016.526,993.203,-1.709,-0.24
P5,770,77000,pedestrian/bicycle,1016.355,993.179,-1.706,-0.235
P5,771,77100,pedestrian/bicycle,1016.185,993.156,-1.71,-0.228
P5,772,77200,pedestrian/bicycle,1016.013,993.134,-1.72,-0.221
P5,773,77300,pedestrian/bicycle,1015.841,993.112,-1.733,-0.214
P5,774,77400,pedestrian/bicycle,1015.667,993.091,-1.744,-0.207
P5,775,77500,pedestrian/bicycle,1015.492,993.071,-1.747,-0.198
P5,776,77600,pedestrian/bicycle,1015.318,993.052,-1.74,-0.184
P5,777,77700,pedestrian/bicycle,1015.144,993.034,-1.73,-0.17
P5,778,77800,pedestrian/bicycle,1014.972,993.017,-1.722,-0.159
P5,779,77900,pedestrian/bicycle,1014.8,993.002,-1.715,-0.156
P5,780,78000,pedestrian/bicycle,1014.629,992.986,-1.711,-0.159
P5,781,78100,pedestrian/bicycle,1014.458,992.97,-1.709,-0.166
P5,782,78200,pedestrian/bicycle,1014.287,992.952,-1.713,-0.176
P5,783,78300,pedestrian/bicycle,1014.115,992.934,-1.723,-0.189
P5,784,78400,pedestrian/bicycle,1013.942,992.914,-1.732,-0.206
P5,785,78500,pedestrian/bicycle,1013.769,992.893,-1.738,-0.227
P5,786,78600,pedestrian/bicycle,1013.594,992.869,-1.742,-0.247
P5,787,78700,pedestrian/bicycle,1013.42,992.844,-1.745,-0.26
P5,788,78800,pedestrian/bicycle,1013.246,992.817,-1.744,-0.267
P5,789,78900,pedestrian/bicycle,1013.071,992.791,-1.743,-0.268
P5,790,79000,pedestrian/bicycle,1012.897,992.764,-1.748,-0.268
P5,791,79100,pedestrian/bicycle,1012.721,992.737,-1.759,-0.267
P5,792,79200,pedestrian/bicycle,1012.545,992.711,-1.771,-0.266
P5,793,79300,pedestrian/bicycle,1012.367,992.684,-1.782,-0.266
P5,794,79400,pedestrian/bicycle,1012.189,992.657,-1.79,-0.268
P5,795,79500,pedestrian/bicycle,1012.009,992.63,-1.796,-0.27
P5,796,79600,pedestrian/bicycle,1011.83,992.603,-1.802,-0.272
P5,797,79700,pedestrian/bicycle,1011.649,992.576,-1.807,-0.271
P5,798,79800,pedestrian/bicycle,1011.468,992.549,-1.808,-0.269
P5,799,79900,pedestrian/bicycle,1011.288,992.522,-1.808,-0.268
P5,800,80000,pedestrian/bicycle,1011.107,992.495,-1.81,-0.271
P5,801,80100,pedestrian/bicycle,1010.926,992.468,-1.812,-0.277
P5,802,80200,pedestrian/bicycle,1010.745,992.44,-1.809,-0.287
P5,803,80300,pedestrian/bicycle,1010.564,992.41,-1.802,-0.302
P5,804,80400,pedestrian/bicycle,1010.384,992.379,-1.796,-0.32
P5,805,80500,pedestrian/bicycle,1010.205,992.346,-1.794,-0.339
P5,806,80600,pedestrian/bicycle,1010.025,992.311,-1.793,-0.355
P5,807,80700,pedestrian/bicycle,1009.846,992.275,-1.789,-0.369
P5,808,80800,pedestrian/bicycle,1009.668,992.238,-1.779,-0.38
P5,809,80900,pedestrian/bicycle,1009.491,992.199,-1.764,-0.391
P5,810,81000,pedestrian/bicycle,1009.315,992.16,-1.75,-0.402
P5,811,81100,pedestrian/bicycle,1009.141,992.119,-1.735,-0.417
P5,812,81200,pedestrian/bicycle,1008.968,992.076,-1.715,-0.433
P5,813,81300,pedestrian/bicycle,1008.798,992.032,-1.695,-0.445
P5,814,81400,pedestrian/bicycle,1008.629,991.988,-1.682,-0.45
P5,815,81500,pedestrian/bicycle,1008.461,991.943,-1.676,-0.451
P5,816,81600,pedestrian/bicycle,1008.293,991.898,-1.676,-0.448
P5,817,81700,pedestrian/bicycle,1008.125,991.853,-1.681,-0.445
P5,818,81800,pedestrian/bicycle,1007.957,991.809,-1.694,-0.442
P5,819,81900,pedestrian/bicycle,1007.786,991.764,-1.711,-0.443
P5,820,82000,pedestrian/bicycle,1007.615,991.72,-1.726,-0.45
P5,821,82100,pedestrian/bicycle,1007.442,991.674,-1.734,-0.462
P5,822,82200,pedestrian/bicycle,1007.268,991.627,-1.735,-0.479
P5,823,82300,pedestrian/bicycle,1007.095,991.578,-1.735,-0.502
P5,824,82400,pedestrian/bicycle,1006.921,991.527,-1.735,-0.527
P5,825,82500,pedestrian/bicycle,1006.748,991.473,-1.729,-0.552
P5,826,82600,pedestrian/bicycle,1006.576,991.416,-1.718,-0.577
P5,827,82700,pedestrian/bicycle,1006.404,991.357,-1.709,-0.599
P5,828,82800,pedestrian/bicycle,1006.234,991.296,-1.704,-0.619
P5,829,82900,pedestrian/bicycle,1006.064,991.234,-1.701,-0.635
P5,830,83000,pedestrian/bicycle,1005.894,991.169,-1.694,-0.652
P5,831,83100,pedestrian/bicycle,1005.725,991.103,-1.684,-0.669
P5,832,83200,pedestrian/bicycle,1005.557,991.036,-1.675,-0.686
P5,833,83300,pedestrian/bicycle,1005.39,990.966,-1.672,-0.706
P5,834,83400,pedestrian/bicycle,1005.222,990.894,-1.671,-0.729
P5,835,83500,pedestrian/bicycle,1005.055,990.82,-1.671,-0.751
P5,836,83600,pedestrian/bicycle,1004.888,990.744,-1.676,-0.773
P5,837,83700,pedestrian/bicycle,1004.72,990.666,-1.688,-0.795
P5,838,83800,pedestrian/bicycle,1004.55,990.585,-1.707,-0.813
P5,839,83900,pedestrian/bicycle,1004.378,990.503,-1.727,-0.827
P5,840,84000,pedestrian/bicycle,1004.205,990.42,-1.743,-0.838
P5,841,84100,pedestrian/bicycle,1004.03,990.336,-1.755,-0.848
P5,842,84200,pedestrian/bicycle,1003.854,990.25,-1.764,-0.857
P5,843,84300,pedestrian/bicycle,1003.678,990.164,-1.766,-0.865
P5,844,84400,pedestrian/bicycle,1003.501,990.077,-1.76,-0.874
P5,845,84500,pedestrian/bicycle,1003.326,989.989,-1.747,-0.884
P5,846,84600,pedestrian/bicycle,1003.152,989.901,-1.733,-0.892
P5,847,84700,pedestrian/bicycle,1002.98,989.811,-1.714,-0.895
P5,848,84800,pedestrian/bicycle,1002.81,989.722,-1.685,-0.892
P5,849,84900,pedestrian/bicycle,1002.643,989.633,-1.644,-0.887
P5,850,85000,pedestrian/bicycle,1002.481,989.545,-1.6,-0.881
P5,851,85100,pedestrian/bicycle,1002.323,989.457,-1.561,-0.875
P5,852,85200,pedestrian/bicycle,1002.168,989.37,-1.531,-0.864
P5,853,85300,pedestrian/bicycle,1002.016,989.284,-1.51,-0.848
P5,854,85400,pedestrian/bicycle,1001.866,989.2,-1.493,-0.829
P5,855,85500,pedestrian/bicycle,1001.718,989.118,-1.475,-0.809
P5,856,85600,pedestrian/bicycle,1001.572,989.039,-1.448,-0.787
P5,857,85700,pedestrian/bicycle,1001.429,988.961,-1.404,-0.762
P5,858,85800,pedestrian/bicycle,1001.292,988.886,-1.34,-0.738
P5,859,85900,pedestrian/bicycle,1001.162,988.814,-1.266,-0.716
P5,860,86000,pedestrian/bicycle,1001.039,988.743,-1.19,-0.697
P5,861,86100,pedestrian/bicycle,1000.923,988.674,-1.123,-0.677
P5,862,86200,pedestrian/bicycle,1000.813,988.608,-1.073,-0.658
P5,863,86300,pedestrian/bicycle,1000.707,988.542,-1.046,-0.647
P5,864,86400,pedestrian/bicycle,1000.603,988.478,-1.038,-0.643
P9,2829,282900,pedestrian/bicycle,1041.279,991.595,0.585,2.577
P9,2830,283000,pedestrian/bicycle,1041.344,991.851,0.71,2.537
P9,2831,283100,pedestrian/bicycle,1041.421,992.102,0.839,2.495
P9,2832,283200,pedestrian/bicycle,1041.512,992.35,0.975,2.451
P9,2833,283300,pedestrian/bicycle,1041.616,992.592,1.116,2.406
P9,2834,283400,pedestrian/bicycle,1041.735,992.831,1.258,2.359
P9,2835,283500,pedestrian/bicycle,1041.868,993.064,1.397,2.306
P9,2836,283600,pedestrian/bicycle,1042.014,993.291,1.519,2.238
P9,2837,283700,pedestrian/bicycle,1042.171,993.511,1.62,2.152
P9,2838,283800,pedestrian/bicycle,1042.337,993.721,1.705,2.057
P9,2839,283900,pedestrian/bicycle,1042.511,993.922,1.783,1.958
P9,2840,284000,pedestrian/bicycle,1042.693,994.113,1.862,1.864
P9,2841,284100,pedestrian/bicycle,1042.884,994.295,1.943,1.778
P9,2842,284200,pedestrian/bicycle,1043.081,994.468,2.012,1.686
P9,2843,284300,pedestrian/bicycle,1043.285,994.632,2.06,1.586
P9,2844,284400,pedestrian/bicycle,1043.493,994.786,2.092,1.487
P9,2845,284500,pedestrian/bicycle,1043.703,994.93,2.109,1.393
P9,2846,284600,pedestrian/bicycle,1043.913,995.064,2.099,1.299
P9,2847,284700,pedestrian/bicycle,1044.121,995.189,2.054,1.204
P9,2848,284800,pedestrian/bicycle,1044.322,995.305,1.981,1.111
P9,2849,284900,pedestrian/bicycle,1044.516,995.412,1.889,1.024
P9,2850,285000,pedestrian/bicycle,1044.7,995.51,1.789,0.945
P9,2851,285100,pedestrian/bicycle,1044.874,995.601,1.69,0.878
P9,2852,285200,pedestrian/bicycle,1045.038,995.686,1.596,0.821
P9,2853,285300,pedestrian/bicycle,1045.193,995.766,1.507,0.773
P9,2854,285400,pedestrian/bicycle,1045.34,995.841,1.427,0.731
P9,2855,285500,pedestrian/bicycle,1045.48,995.913,1.367,0.7
P9,2856,285600,pedestrian/bicycle,1045.615,995.982,1.334,0.683
P9,2857,285700,pedestrian/bicycle,1045.747,996.05,1.324,0.678
