track_id,frame_id,timestamp_ms,agent_type,x,y,vx,vy
P2,43,4300,pedestrian/bicycle,1040.427,994.783,-0.053,0
P2,44,4400,pedestrian/bicycle,1040.426,994.783,0.045,0.005
P2,45,4500,pedestrian/bicycle,1040.436,994.784,0.147,0.014
P2,46,4600,pedestrian/bicycle,1040.456,994.786,0.255,0.027
P2,47,4700,pedestrian/bicycle,1040.487,994.79,0.37,0.049
P2,48,4800,pedestrian/bicycle,1040.53,994.797,0.488,0.078
P2,49,4900,pedestrian/bicycle,1040.585,994.806,0.608,0.11
P2,50,5000,pedestrian/bicycle,1040.652,994.819,0.73,0.143
P2,51,5100,pedestrian/bicycle,1040.731,994.835,0.855,0.175
P2,52,5200,pedestrian/bicycle,1040.823,994.854,0.981,0.204
P2,53,5300,pedestrian/bicycle,1040.927,994.875,1.106,0.23
P2,54,5400,pedestrian/bicycle,1041.044,994.899,1.224,0.251
P2,55,5500,pedestrian/bicycle,1041.171,994.925,1.324,0.267
P2,56,5600,pedestrian/bicycle,1041.307,994.952,1.396,0.277
P2,57,5700,pedestrian/bicycle,1041.449,994.98,1.441,0.279
P2,58,5800,pedestrian/bicycle,1041.594,995.008,1.464,0.274
P2,59,5900,pedestrian/bicycle,1041.741,995.035,1.476,0.262
P2,60,6000,pedestrian/bicycle,1041.889,995.06,1.489,0.244
P2,61,6100,pedestrian/bicycle,1042.039,995.083,1.508,0.221
P2,62,6200,pedestrian/bicycle,1042.191,995.104,1.533,0.191
P2,63,6300,pedestrian/bicycle,1042.346,995.121,1.56,0.158
P2,64,6400,pedestrian/bicycle,1042.503,995.135,1.589,0.128
P2,65,6500,pedestrian/bicycle,1042.664,995.147,1.619,0.104
P2,66,6600,pedestrian/bicycle,1042.827,995.157,1.648,0.087
P2,67,6700,pedestrian/bicycle,1042.993,995.165,1.676,0.074
P2,68,6800,pedestrian/bicycle,1043.162,995.172,1.702,0.064
P2,69,6900,pedestrian/bicycle,1043.334,995.177,1.725,0.054
P2,70,7000,pedestrian/bicycle,1043.507,995.182,1.743,0.041
P2,71,7100,pedestrian/bicycle,1043.682,995.185,1.754,0.025
P2,72,7200,pedestrian/bicycle,1043.858,995.187,1.756,0.008
P2,73,7300,pedestrian/bicycle,1044.033,995.187,1.751,-0.008
P2,74,7400,pedestrian/bicycle,1044.207,995.186,1.739,-0.022
P2,75,7500,pedestrian/bicycle,1044.38,995.183,1.721,-0.035
P2,76,7600,pedestrian/bicycle,1044.551,995.179,1.695,-0.046
P2,77,7700,pedestrian/bicycle,1044.719,995.174,1.662,-0.051
P2,78,7800,pedestrian/bicycle,1044.883,995.169,1.62,-0.046
P2,79,7900,pedestrian/bicycle,1045.043,995.165,1.569,-0.03
P2,80,8000,pedestrian/bicycle,1045.196,995.163,1.509,-0.007
P2,81,8100,pedestrian/bicycle,1045.344,995.164,1.439,0.02
P2,82,8200,pedestrian/bicycle,1045.484,995.167,1.365,0.045
P2,83,8300,pedestrian/bicycle,1045.617,995.173,1.294,0.063
P2,84,8400,pedestrian/bicycle,1045.744,995.18,1.24,0.073
P2,85,8500,pedestrian/bicycle,1045.866,995.187,1.211,0.076
P2,86,8600,pedestrian/bicycle,1045.987,995.195,1.202,0.077
P5,716,71600,pedestrian/bicycle,1045.77,995.085,-1.22,-0.144
P5,717,71700,pedestrian/bicycle,1045.648,995.067,-1.219,-0.212
P5,718,71800,pedestrian/bicycle,1045.526,995.042,-1.217,-0.279
P5,719,71900,pedestrian/bicycle,1045.405,995.011,-1.213,-0.342
P5,720,72000,pedestrian/bicycle,1045.284,994.974,-1.203,-0.395
P5,721,72100,pedestrian/bicycle,1045.165,994.933,-1.189,-0.437
P5,722,72200,pedestrian/bicycle,1045.046,994.888,-1.176,-0.463
P5,723,72300,pedestrian/bicycle,1044.929,994.841,-1.169,-0.468
P5,724,72400,pedestrian/bicycle,1044.812,994.795,-1.171,-0.454
P5,725,72500,pedestrian/bicycle,1044.695,994.751,-1.179,-0.428
P5,726,72600,pedestrian/bicycle,1044.576,994.71,-1.191,-0.396
P5,727,72700,pedestrian/bicycle,1044.456,994.672,-1.206,-0.361
P5,728,72800,pedestrian/bicycle,1044.335,994.638,-1.225,-0.324
P5,729,72900,pedestrian/bicycle,1044.211,994.607,-1.249,-0.284
P5,730,73000,pedestrian/bicycle,1044.085,994.581,-1.274,-0.244
P5,731,73100,pedestrian/bicycle,1043.956,994.558,-1.295,-0.207
P5,732,73200,pedestrian/bicycle,1043.826,994.539,-1.314,-0.173
P5,733,73300,pedestrian/bicycle,1043.694,994.524,-1.331,-0.143
P5,734,73400,pedestrian/bicycle,1043.56,994.511,-1.346,-0.118
P5,735,73500,pedestrian/bicycle,1043.425,994.5,-1.357,-0.102
P5,736,73600,pedestrian/bicycle,1043.289,994.49,-1.361,-0.096
P5,737,73700,pedestrian/bicycle,1043.153,994.48,-1.358,-0.1
P5,738,73800,pedestrian/bicycle,1043.017,994.469,-1.351,-0.112
P5,739,73900,pedestrian/bicycle,1042.883,994.457,-1.34,-0.129
P5,740,74000,pedestrian/bicycle,1042.749,994.444,-1.328,-0.144
P5,741,74100,pedestrian/bicycle,1042.617,994.429,-1.317,-0.154
P5,742,74200,pedestrian/bicycle,1042.486,994.413,-1.304,-0.159
P5,743,74300,pedestrian/bicycle,1042.356,994.397,-1.29,-0.161
P5,744,74400,pedestrian/bicycle,1042.228,994.381,-1.279,-0.156
P5,745,74500,pedestrian/bicycle,1042.101,994.366,-1.27,-0.145
P5,746,74600,pedestrian/bicycle,1041.974,994.352,-1.263,-0.135
P5,747,74700,pedestrian/bicycle,1041.848,994.339,-1.254,-0.132
P5,748,74800,pedestrian/bicycle,1041.723,994.325,-1.243,-0.14
P5,749,74900,pedestrian/bicycle,1041.599,994.31,-1.232,-0.163
P5,750,75000,pedestrian/bicycle,1041.477,994.292,-1.221,-0.199
P5,751,75100,pedestrian/bicycle,1041.355,994.27,-1.214,-0.234
P5,752,75200,pedestrian/bicycle,1041.234,994.246,-1.211,-0.261
P5,753,75300,pedestrian/bicycle,1041.112,994.219,-1.215,-0.278
P5,754,75400,pedestrian/bicycle,1040.991,994.19,-1.223,-0.288
P5,755,75500,pedestrian/bicycle,1040.868,994.161,-1.234,-0.292
P5,756,75600,pedestrian/bicycle,1040.744,994.132,-1.242,-0.291
P5,757,75700,pedestrian/bicycle,1040.62,994.103,-1.244,-0.29
P5,758,75800,pedestrian/bicycle,1040.496,994.074,-1.239,-0.293
P5,759,75900,pedestrian/bicycle,1040.372,994.044,-1.229,-0.306
P5,760,76000,pedestrian/bicycle,1040.25,994.012,-1.215,-0.331
P5,761,76100,pedestrian/bicycle,1040.129,993.977,-1.198,-0.362
P5,762,76200,pedestrian/bicycle,1040.01,993.94,-1.183,-0.394
P5,763,76300,pedestrian/bicycle,1039.893,993.899,-1.173,-0.421
P5,764,76400,pedestrian/bicycle,1039.776,993.856,-1.169,-0.439
P5,765,76500,pedestrian/bicycle,1039.658,993.812,-1.172,-0.444
P5,766,76600,pedestrian/bicycle,1039.541,993.768,-1.184,-0.432
P5,767,76700,pedestrian/bicycle,1039.421,993.726,-1.203,-0.403
P5,768,76800,pedestrian/bicycle,1039.3,993.688,-1.227,-0.367
P5,769,76900,pedestrian/bicycle,1039.176,993.653,-1.255,-0.33
P5,770,77000,pedestrian/bicycle,1039.049,993.622,-1.287,-0.296
P5,771,77100,pedestrian/bicycle,1038.918,993.594,-1.327,-0.258
P5,772,77200,pedestrian/bicycle,1038.783,993.57,-1.371,-0.216
P5,773,77300,pedestrian/bicycle,1038.644,993.55,-1.415,-0.184
P5,774,77400,pedestrian/bicycle,1038.5,993.533,-1.458,-0.163
P5,775,77500,pedestrian/bicycle,1038.352,993.518,-1.498,-0.138
P5,776,77600,pedestrian/bicycle,1038.201,993.506,-1.532,-0.106
P5,777,77700,pedestrian/bicycle,1038.047,993.496,-1.554,-0.08
P5,778,77800,pedestrian/bicycle,1037.891,993.489,-1.559,-0.07
P5,779,77900,pedestrian/bicycle,1037.736,993.481,-1.547,-0.086
P5,780,78000,pedestrian/bicycle,1037.582,993.47,-1.522,-0.13
P5,781,78100,pedestrian/bicycle,1037.432,993.454,-1.487,-0.199
P5,782,78200,pedestrian/bicycle,1037.285,993.43,-1.449,-0.274
P5,783,78300,pedestrian/bicycle,1037.142,993.4,-1.417,-0.318
P5,784,78400,pedestrian/bicycle,1037.001,993.369,-1.394,-0.315
P5,785,78500,pedestrian/bicycle,1036.862,993.339,-1.381,-0.272
P5,786,78600,pedestrian/bicycle,1036.725,993.316,-1.374,-0.2
P5,787,78700,pedestrian/bicycle,1036.587,993.3,-1.37,-0.12
P5,788,78800,pedestrian/bicycle,1036.451,993.291,-1.365,-0.048
P5,789,78900,pedestrian/bicycle,1036.314,993.289,-1.36,0.007
P5,790,79000,pedestrian/bicycle,1036.179,993.292,-1.355,0.042
P5,791,79100,pedestrian/bicycle,1036.044,993.297,-1.347,0.057
P5,792,79200,pedestrian/bicycle,1035.909,993.303,-1.337,0.059
P5,793,79300,pedestrian/bicycle,1035.776,993.308,-1.325,0.053
P5,794,79400,pedestrian/bicycle,1035.645,993.313,-1.31,0.041
P5,795,79500,pedestrian/bicycle,1035.514,993.316,-1.296,0.027
P5,796,79600,pedestrian/bicycle,1035.385,993.318,-1.284,0.014
P5,797,79700,pedestrian/bicycle,1035.257,993.319,-1.275,0.004
P5,798,79800,pedestrian/bicycle,1035.13,993.319,-1.271,-0.002
P5,799,79900,pedestrian/bicycle,1035.003,993.319,-1.276,-0.008
P5,800,80000,pedestrian/bicycle,1034.874,993.318,-1.288,-0.015
P5,801,80100,pedestrian/bicycle,1034.745,993.316,-1.304,-0.023
P5,802,80200,pedestrian/bicycle,1034.613,993.313,-1.321,-0.035
P5,803,80300,pedestrian/bicycle,1034.481,993.309,-1.337,-0.05
P5,804,80400,pedestrian/bicycle,1034.346,993.303,-1.35,-0.072
P5,805,80500,pedestrian/bicycle,1034.211,993.294,-1.359,-0.097
P5,806,80600,pedestrian/bicycle,1034.075,993.283,-1.366,-0.126
P5,807,80700,pedestrian/bicycle,1033.938,993.269,-1.37,-0.158
P5,808,80800,pedestrian/bicycle,1033.801,993.251,-1.37,-0.192
P5,809,80900,pedestrian/bicycle,1033.664,993.23,-1.365,-0.221
P5,810,81000,pedestrian/bicycle,1033.528,993.207,-1.358,-0.241
P5,811,81100,pedestrian/bicycle,1033.392,993.183,-1.354,-0.25
P5,812,81200,pedestrian/bicycle,1033.257,993.158,-1.353,-0.251
P5,813,81300,pedestrian/bicycle,1033.121,993.133,-1.357,-0.247
P5,814,81400,pedestrian/bicycle,1032.985,993.109,-1.362,-0.239
P5,815,81500,pedestrian/bicycle,1032.849,993.085,-1.368,-0.226
P5,816,81600,pedestrian/bicycle,1032.712,993.064,-1.374,-0.211
P5,817,81700,pedestrian/bicycle,1032.574,993.043,-1.376,-0.2
P5,818,81800,pedestrian/bicycle,1032.437,993.023,-1.37,-0.197
P5,819,81900,pedestrian/bicycle,1032.301,993.003,-1.356,-0.199
P5,820,82000,pedestrian/bicycle,1032.166,992.983,-1.338,-0.204
P5,821,82100,pedestrian/bicycle,1032.033,992.963,-1.322,-0.208
P5,822,82200,pedestrian/bicycle,1031.901,992.942,-1.308,-0.21
P5,823,82300,pedestrian/bicycle,1031.771,992.921,-1.296,-0.207
P5,824,82400,pedestrian/bicycle,1031.642,992.901,-1.29,-0.199
P5,825,82500,pedestrian/bicycle,1031.513,992.881,-1.291,-0.186
P5,826,82600,pedestrian/bicycle,1031.383,992.864,-1.3,-0.171
P5,827,82700,pedestrian/bicycle,1031.253,992.847,-1.316,-0.157
P5,828,82800,pedestrian/bicycle,1031.12,992.832,-1.334,-0.146
P5,829,82900,pedestrian/bicycle,1030.986,992.818,-1.351,-0.138
P5,830,83000,pedestrian/bicycle,1030.85,992.804,-1.367,-0.134
P5,831,83100,pedestrian/bicycle,1030.712,992.791,-1.381,-0.135
P5,832,83200,pedestrian/bicycle,1030.574,992.777,-1.387,-0.143
P5,833,83300,pedestrian/bicycle,1030.435,992.762,-1.385,-0.156
P5,834,83400,pedestrian/bicycle,1030.298,992.746,-1.375,-0.172
P5,835,83500,pedestrian/bicycle,1030.161,992.727,-1.358,-0.194
P5,836,83600,pedestrian/bicycle,1030.026,992.707,-1.339,-0.219
P5,837,83700,pedestrian/bicycle,1029.893,992.684,-1.321,-0.24
P5,838,83800,pedestrian/bicycle,1029.762,992.659,-1.308,-0.256
P5,839,83900,pedestrian/bicycle,1029.631,992.633,-1.301,-0.267
P5,840,84000,pedestrian/bicycle,1029.501,992.606,-1.301,-0.272
P5,841,84100,pedestrian/bicycle,1029.371,992.579,-1.309,-0.27
P5,842,84200,pedestrian/bicycle,1029.239,992.552,-1.321,-0.26
P5,843,84300,pedestrian/bicycle,1029.106,992.527,-1.335,-0.239
P5,844,84400,pedestrian/bicycle,1028.972,992.505,-1.346,-0.211
P5,845,84500,pedestrian/bicycle,1028.837,992.485,-1.353,-0.181
P5,846,84600,pedestrian/bicycle,1028.702,992.468,-1.359,-0.152
P5,847,84700,pedestrian/bicycle,1028.566,992.455,-1.365,-0.127
P5,848,84800,pedestrian/bicycle,1028.429,992.443,-1.366,-0.107
P5,849,84900,pedestrian/bicycle,1028.293,992.433,-1.36,-0.093
P5,850,85000,pedestrian/bicycle,1028.157,992.424,-1.348,-0.084
P5,851,85100,pedestrian/bicycle,1028.023,992.416,-1.335,-0.078
P5,852,85200,pedestrian/bicycle,1027.89,992.408,-1.326,-0.072
P5,853,85300,pedestrian/bicycle,1027.758,992.401,-1.321,-0.066
P5,854,85400,pedestrian/bicycle,1027.626,992.395,-1.319,-0.057
P5,855,85500,pedestrian/bicycle,1027.494,992.39,-1.321,-0.048
P5,856,85600,pedestrian/bicycle,1027.361,992.386,-1.325,-0.038
P5,857,85700,pedestrian/bicycle,1027.229,992.383,-1.333,-0.026
P5,858,85800,pedestrian/bicycle,1027.095,992.381,-1.339,-0.013
P5,859,85900,pedestrian/bicycle,1026.961,992.38,-1.337,-0.002
P5,860,86000,pedestrian/bicycle,1026.828,992.38,-1.33,0.003
P5,861,86100,pedestrian/bicycle,1026.695,992.38,-1.321,-0.001
P5,862,86200,pedestrian/bicycle,1026.564,992.379,-1.313,-0.013
P5,863,86300,pedestrian/bicycle,1026.433,992.378,-1.306,-0.023
P5,864,86400,pedestrian/bicycle,1026.302,992.375,-1.299,-0.029
P5,865,86500,pedestrian/bicycle,1026.173,992.372,-1.292,-0.034
P5,866,86600,pedestrian/bicycle,1026.044,992.368,-1.288,-0.04
P5,867,86700,pedestrian/bicycle,1025.915,992.364,-1.29,-0.046
P5,868,86800,pedestrian/bicycle,1025.785,992.359,-1.3,-0.048
P5,869,86900,pedestrian/bicycle,1025.655,992.354,-1.314,-0.047
P5,870,87000,pedestrian/bicycle,1025.523,992.35,-1.327,-0.041
P5,871,87100,pedestrian/bicycle,1025.39,992.346,-1.335,-0.035
P5,872,87200,pedestrian/bicycle,1025.256,992.343,-1.338,-0.029
P5,873,87300,pedestrian/bicycle,1025.122,992.34,-1.337,-0.025
P5,874,87400,pedestrian/bicycle,1024.989,992.338,-1.334,-0.021
P5,875,87500,pedestrian/bicycle,1024.856,992.336,-1.33,-0.018
P5,876,87600,pedestrian/bicycle,1024.723,992.334,-1.326,-0.017
P5,877,87700,pedestrian/bicycle,1024.59,992.333,-1.325,-0.017
P5,878,87800,pedestrian/bicycle,1024.458,992.331,-1.326,-0.02
P5,879,87900,pedestrian/bicycle,1024.325,992.328,-1.329,-0.026
P5,880,88000,pedestrian/bicycle,1024.192,992.325,-1.332,-0.037
P5,881,88100,pedestrian/bicycle,1024.059,992.321,-1.335,-0.049
P5,882,88200,pedestrian/bicycle,1023.925,992.315,-1.338,-0.061
P5,883,88300,pedestrian/bicycle,1023.791,992.309,-1.343,-0.07
P5,884,88400,pedestrian/bicycle,1023.657,992.301,-1.345,-0.078
P5,885,88500,pedestrian/bicycle,1023.522,992.293,-1.338,-0.081
P5,886,88600,pedestrian/bicycle,1023.389,992.285,-1.322,-0.081
P5,887,88700,pedestrian/bicycle,1023.258,992.277,-1.303,-0.081
P5,888,88800,pedestrian/bicycle,1023.129,992.269,-1.283,-0.086
P5,889,88900,pedestrian/bicycle,1023.002,992.26,-1.264,-0.093
P5,890,89000,pedestrian/bicycle,1022.876,992.25,-1.243,-0.102
P5,891,89100,pedestrian/bicycle,1022.753,992.24,-1.219,-0.111
P5,892,89200,pedestrian/bicycle,1022.632,992.228,-1.196,-0.118
P5,893,89300,pedestrian/bicycle,1022.514,992.216,-1.178,-0.123
P5,894,89400,pedestrian/bicycle,1022.396,992.203,-1.175,-0.128
P5,895,89500,pedestrian/bicycle,1022.278,992.19,-1.187,-0.133
P5,896,89600,pedestrian/bicycle,1022.158,992.177,-1.214,-0.14
P5,897,89700,pedestrian/bicycle,1022.035,992.162,-1.245,-0.146
P5,898,89800,pedestrian/bicycle,1021.909,992.148,-1.276,-0.15
P5,899,89900,pedestrian/bicycle,1021.779,992.132,-1.311,-0.153
P5,900,90000,pedestrian/bicycle,1021.647,992.117,-1.347,-0.153
P5,901,90100,pedestrian/bicycle,1021.511,992.102,-1.372,-0.147
P5,902,90200,pedestrian/bicycle,1021.373,992.088,-1.381,-0.13
P5,903,90300,pedestrian/bicycle,1021.235,992.076,-1.38,-0.108
P5,904,90400,pedestrian/bicycle,1021.097,992.067,-1.376,-0.086
P5,905,90500,pedestrian/bicycle,1020.96,992.059,-1.372,-0.066
P5,906,90600,pedestrian/bicycle,1020.823,992.053,-1.365,-0.052
P5,907,90700,pedestrian/bicycle,1020.687,992.048,-1.356,-0.045
P5,908,90800,pedestrian/bicycle,1020.552,992.044,-1.347,-0.047
P5,909,90900,pedestrian/bicycle,1020.417,992.038,-1.339,-0.063
P5,910,91000,pedestrian/bicycle,1020.284,992.031,-1.337,-0.092
P5,911,91100,pedestrian/bicycle,1020.15,992.02,-1.342,-0.126
P5,912,91200,pedestrian/bicycle,1020.015,992.006,-1.346,-0.156
P5,913,91300,pedestrian/bicycle,1019.881,991.989,-1.345,-0.176
P5,914,91400,pedestrian/bicycle,1019.746,991.971,-1.342,-0.184
P5,915,91500,pedestrian/bicycle,1019.612,991.953,-1.339,-0.185
P5,916,91600,pedestrian/bicycle,1019.479,991.934,-1.332,-0.181
P5,917,91700,pedestrian/bicycle,1019.346,991.916,-1.322,-0.175
P5,918,91800,pedestrian/bicycle,1019.215,991.899,-1.309,-0.173
P5,919,91900,pedestrian/bicycle,1019.084,991.882,-1.301,-0.175
P5,920,92000,pedestrian/bicycle,1018.954,991.864,-1.304,-0.183
P5,921,92100,pedestrian/bicycle,1018.823,991.845,-1.319,-0.197
P5,922,92200,pedestrian/bicycle,1018.69,991.824,-1.341,-0.217
P5,923,92300,pedestrian/bicycle,1018.554,991.801,-1.363,-0.235
P5,924,92400,pedestrian/bicycle,1018.417,991.777,-1.377,-0.245
P5,925,92500,pedestrian/bicycle,1018.279,991.753,-1.382,-0.246
P5,926,92600,pedestrian/bicycle,1018.141,991.729,-1.386,-0.239
P5,927,92700,pedestrian/bicycle,1018.002,991.705,-1.388,-0.224
P5,928,92800,pedestrian/bicycle,1017.864,991.684,-1.385,-0.204
P5,929,92900,pedestrian/bicycle,1017.725,991.665,-1.379,-0.18
P5,930,93000,pedestrian/bicycle,1017.588,991.648,-1.374,-0.155
P5,931,93100,pedestrian/bicycle,1017.451,991.634,-1.371,-0.133
P5,932,93200,pedestrian/bicycle,1017.314,991.621,-1.366,-0.113
P5,933,93300,pedestrian/bicycle,1017.178,991.611,-1.356,-0.1
P5,934,93400,pedestrian/bicycle,1017.043,991.601,-1.344,-0.095
P5,935,93500,pedestrian/bicycle,1016.909,991.591,-1.333,-0.099
P5,936,93600,pedestrian/bicycle,1016.776,991.581,-1.327,-0.108
P5,937,93700,pedestrian/bicycle,1016.643,991.57,-1.325,-0.118
P5,938,93800,pedestrian/bicycle,1016.511,991.557,-1.322,-0.127
P5,939,93900,pedestrian/bicycle,1016.379,991.544,-1.316,-0.132
P5,940,94000,pedestrian/bicycle,1016.248,991.531,-1.312,-0.133
P5,941,94100,pedestrian/bicycle,1016.116,991.518,-1.313,-0.13
P5,942,94200,pedestrian/bicycle,1015.985,991.505,-1.318,-0.124
P5,943,94300,pedestrian/bicycle,1015.853,991.493,-1.327,-0.114
P5,944,94400,pedestrian/bicycle,1015.719,991.483,-1.339,-0.102
P5,945,94500,pedestrian/bicycle,1015.585,991.473,-1.354,-0.089
P5,946,94600,pedestrian/bicycle,1015.448,991.465,-1.373,-0.079
P5,947,94700,pedestrian/bicycle,1015.31,991.457,-1.393,-0.075
P5,948,94800,pedestrian/bicycle,1015.17,991.449,-1.411,-0.074
P5,949,94900,pedestrian/bicycle,1015.028,991.442,-1.42,-0.076
P5,950,95000,pedestrian/bicycle,1014.886,991.434,-1.422,-0.082
P5,951,95100,pedestrian/bicycle,1014.744,991.425,-1.422,-0.094
P5,952,95200,pedestrian/bicycle,1014.602,991.415,-1.42,-0.11
P5,953,95300,pedestrian/bicycle,1014.46,991.403,-1.412,-0.125
P5,954,95400,pedestrian/bicycle,1014.32,991.39,-1.402,-0.136
P5,955,95500,pedestrian/bicycle,1014.18,991.376,-1.397,-0.144
P5,956,95600,pedestrian/bicycle,1014.04,991.361,-1.401,-0.155
P5,957,95700,pedestrian/bicycle,1013.899,991.345,-1.411,-0.169
P5,958,95800,pedestrian/bicycle,1013.757,991.327,-1.421,-0.185
P5,959,95900,pedestrian/bicycle,1013.615,991.308,-1.43,-0.199
P5,960,96000,pedestrian/bicycle,1013.472,991.288,-1.436,-0.208
P5,961,96100,pedestrian/bicycle,1013.328,991.267,-1.441,-0.213
P5,962,96200,pedestrian/bicycle,1013.184,991.245,-1.445,-0.214
P5,963,96300,pedestrian/bicycle,1013.039,991.224,-1.444,-0.213
P5,964,96400,pedestrian/bicycle,1012.895,991.203,-1.438,-0.21
P5,965,96500,pedestrian/bicycle,1012.752,991.182,-1.427,-0.208
P5,966,96600,pedestrian/bicycle,1012.61,991.161,-1.416,-0.206
P5,967,96700,pedestrian/bicycle,1012.469,991.141,-1.405,-0.201
P5,968,96800,pedestrian/bicycle,1012.329,991.121,-1.393,-0.192
P5,969,96900,pedestrian/bicycle,1012.19,991.103,-1.379,-0.18
P5,970,97000,pedestrian/bicycle,1012.053,991.085,-1.363,-0.169
P5,971,97100,pedestrian/bicycle,1011.917,991.069,-1.351,-0.161
P5,972,97200,pedestrian/bicycle,1011.783,991.053,-1.344,-0.161
P5,973,97300,pedestrian/bicycle,1011.648,991.036,-1.343,-0.168
P5,974,97400,pedestrian/bicycle,1011.514,991.019,-1.346,-0.177
P5,975,97500,pedestrian/bicycle,1011.379,991.001,-1.353,-0.181
P5,976,97600,pedestrian/bicycle,1011.243,990.983,-1.365,-0.179
P5,977,97700,pedestrian/bicycle,1011.106,990.966,-1.381,-0.172
P5,978,97800,pedestrian/bicycle,1010.967,990.949,-1.394,-0.159
P5,979,97900,pedestrian/bicycle,1010.827,990.934,-1.399,-0.144
P5,980,98000,pedestrian/bicycle,1010.687,990.92,-1.398,-0.142
P5,981,98100,pedestrian/bicycle,1010.548,990.904,-1.394,-0.166
P5,982,98200,pedestrian/bicycle,1010.408,990.885,-1.392,-0.219
P5,983,98300,pedestrian/bicycle,1010.269,990.859,-1.389,-0.296
P5,984,98400,pedestrian/bicycle,1010.131,990.825,-1.385,-0.388
P5,985,98500,pedestrian/bicycle,1009.992,990.781,-1.381,-0.484
P5,986,98600,pedestrian/bicycle,1009.854,990.729,-1.381,-0.574
P5,987,98700,pedestrian/bicycle,1009.716,990.668,-1.384,-0.646
P5,988,98800,pedestrian/bicycle,1009.577,990.601,-1.39,-0.693
P5,989,98900,pedestrian/bicycle,1009.438,990.531,-1.394,-0.707
P5,990,99000,pedestrian/bicycle,1009.299,990.461,-1.394,-0.692
P5,991,99100,pedestrian/bicycle,1009.159,990.393,-1.394,-0.654
P5,992,99200,pedestrian/bicycle,1009.02,990.331,-1.395,-0.598
P5,993,99300,pedestrian/bicycle,1008.881,990.274,-1.392,-0.536
P5,994,99400,pedestrian/bicycle,1008.742,990.223,-1.384,-0.479
P5,995,99500,pedestrian/bicycle,1008.604,990.178,-1.371,-0.426
P5,996,99600,pedestrian/bicycle,1008.467,990.138,-1.359,-0.38
P5,997,99700,pedestrian/bicycle,1008.332,990.102,-1.35,-0.336
P5,998,99800,pedestrian/bicycle,1008.198,990.07,-1.339,-0.294
P5,999,99900,pedestrian/bicycle,1008.064,990.043,-1.327,-0.255
P5,1000,100000,pedestrian/bicycle,1007.932,990.019,-1.316,-0.222
P5,1001,100100,pedestrian/bicycle,1007.801,989.998,-1.312,-0.197
P5,1002,100200,pedestrian/bicycle,1007.669,989.979,-1.318,-0.182
P5,1003,100300,pedestrian/bicycle,1007.537,989.961,-1.334,-0.175
P5,1004,100400,pedestrian/bicycle,1007.402,989.944,-1.352,-0.172
P5,1005,100500,pedestrian/bicycle,1007.266,989.927,-1.37,-0.173
P5,1006,100600,pedestrian/bicycle,1007.128,989.909,-1.387,-0.18
P5,1007,100700,pedestrian/bicycle,1006.989,989.89,-1.402,-0.193
P5,1008,100800,pedestrian/bicycle,1006.848,989.87,-1.408,-0.211
P5,1009,100900,pedestrian/bicycle,1006.708,989.848,-1.403,-0.236
P5,1010,101000,pedestrian/bicycle,1006.568,989.823,-1.387,-0.268
P5,1011,101100,pedestrian/bicycle,1006.431,989.794,-1.369,-0.301
P5,1012,101200,pedestrian/bicycle,1006.295,989.763,-1.351,-0.326
P5,1013,101300,pedestrian/bicycle,1006.16,989.73,-1.332,-0.34
P5,1014,101400,pedestrian/bicycle,1006.028,989.696,-1.31,-0.34
P5,1015,101500,pedestrian/bicycle,1005.898,989.662,-1.291,-0.332
P5,1016,101600,pedestrian/bicycle,1005.77,989.629,-1.281,-0.321
P5,1017,101700,pedestrian/bicycle,1005.641,989.598,-1.281,-0.315
P5,1018,101800,pedestrian/bicycle,1005.513,989.566,-1.29,-0.317
P5,1019,101900,pedestrian/bicycle,1005.383,989.534,-1.302,-0.329
P5,1020,102000,pedestrian/bicycle,1005.252,989.5,-1.315,-0.351
P5,1021,102100,pedestrian/bicycle,1005.12,989.463,-1.332,-0.38
P5,1022,102200,pedestrian/bicycle,1004.986,989.424,-1.355,-0.412
P5,1023,102300,pedestrian/bicycle,1004.849,989.381,-1.374,-0.44
P5,1024,102400,pedestrian/bicycle,1004.711,989.336,-1.385,-0.461
P5,1025,102500,pedestrian/bicycle,1004.573,989.289,-1.388,-0.471
P5,1026,102600,pedestrian/bicycle,1004.434,989.242,-1.389,-0.472
P5,1027,102700,pedestrian/bicycle,1004.295,989.195,-1.39,-0.471
P5,1028,102800,pedestrian/bicycle,1004.156,989.148,-1.39,-0.472
P5,1029,102900,pedestrian/bicycle,1004.017,989.1,-1.391,-0.48
P5,1030,103000,pedestrian/bicycle,1003.878,989.052,-1.391,-0.496
P5,1031,103100,pedestrian/bicycle,1003.739,989.001,-1.391,-0.518
P5,1032,103200,pedestrian/bicycle,1003.6,988.948,-1.391,-0.544
P5,1033,103300,pedestrian/bicycle,1003.461,988.892,-1.386,-0.567
P5,1034,103400,pedestrian/bicycle,1003.323,988.835,-1.374,-0.588
P5,1035,103500,pedestrian/bicycle,1003.186,988.775,-1.357,-0.612
P5,1036,103600,pedestrian/bicycle,1003.051,988.712,-1.339,-0.645
P5,1037,103700,pedestrian/bicycle,1002.918,988.645,-1.321,-0.685
P5,1038,103800,pedestrian/bicycle,1002.788,988.575,-1.297,-0.726
P5,1039,103900,pedestrian/bicycle,1002.66,988.5,-1.26,-0.761
P5,1040,104000,pedestrian/bicycle,1002.536,988.423,-1.211,-0.783
P5,1041,104100,pedestrian/bicycle,1002.418,988.345,-1.157,-0.788
P5,1042,104200,pedestrian/bicycle,1002.305,988.267,-1.104,-0.772
P5,1043,104300,pedestrian/bicycle,1002.197,988.191,-1.058,-0.731
P5,1044,104400,pedestrian/bicycle,1002.092,988.122,-1.024,-0.66
P5,1045,104500,pedestrian/bicycle,1001.991,988.061,-1.002,-0.555
P5,1046,104600,pedestrian/bicycle,1001.891,988.013,-0.993,-0.417
P5,1047,104700,pedestrian/bicycle,1001.792,987.979,-0.996,-0.254
P5,1048,104800,pedestrian/bicycle,1001.692,987.963,-1.005,-0.071
P5,1049,104900,pedestrian/bicycle,1001.591,987.965,-1.014,0.125
P5,1050,105000,pedestrian/bicycle,1001.49,987.988,-1.013,0.32
P5,1051,105100,pedestrian/bicycle,1001.389,988.028,-0.998,0.49
P5,1052,105200,pedestrian/bicycle,1001.291,988.083,-0.966,0.602
P5,1053,105300,pedestrian/bicycle,1001.196,988.146,-0.922,0.654
P5,1054,105400,pedestrian/bicycle,1001.106,988.212,-0.877,0.671
P5,1055,105500,pedestrian/bicycle,1001.02,988.279,-0.842,0.673
P5,1056,105600,pedestrian/bicycle,1000.937,988.346,-0.823,0.671
P5,1057,105700,pedestrian/bicycle,1000.855,988.413,-0.817,0.669
P6,1023,102300,pedestrian/bicycle,1045.28,995.425,-5.145,-0.902
P6,1024,102400,pedestrian/bicycle,1044.762,995.337,-5.197,-0.86
P6,1025,102500,pedestrian/bicycle,1044.24,995.253,-5.251,-0.819
P6,1026,102600,pedestrian/bicycle,1043.712,995.174,-5.305,-0.779
P6,1027,102700,pedestrian/bicycle,1043.179,995.097,-5.356,-0.743
P6,1028,102800,pedestrian/bicycle,1042.641,995.025,-5.403,-0.711
P6,1029,102900,pedestrian/bicycle,1042.099,994.955,-5.448,-0.686
P6,1030,103000,pedestrian/bicycle,1041.552,994.887,-5.493,-0.668
P6,1031,103100,pedestrian/bicycle,1041,994.821,-5.538,-0.654
P6,1032,103200,pedestrian/bicycle,1040.444,994.756,-5.58,-0.641
P6,1033,103300,pedestrian/bicycle,1039.884,994.693,-5.62,-0.624
P6,1034,103400,pedestrian/bicycle,1039.321,994.632,-5.651,-0.602
P6,1035,103500,pedestrian/bicycle,1038.755,994.573,-5.669,-0.575
P6,1036,103600,pedestrian/bicycle,1038.188,994.517,-5.668,-0.545
P6,1037,103700,pedestrian/bicycle,1037.622,994.464,-5.649,-0.514
P6,1038,103800,pedestrian/bicycle,1037.059,994.414,-5.62,-0.482
P6,1039,103900,pedestrian/bicycle,1036.498,994.368,-5.586,-0.452
P6,1040,104000,pedestrian/bicycle,1035.941,994.324,-5.549,-0.426
P6,1041,104100,pedestrian/bicycle,1035.388,994.282,-5.513,-0.407
P6,1042,104200,pedestrian/bicycle,1034.839,994.242,-5.482,-0.394
P6,1043,104300,pedestrian/bicycle,1034.292,994.203,-5.454,-0.384
P6,1044,104400,pedestrian/bicycle,1033.748,994.165,-5.429,-0.378
P6,1045,104500,pedestrian/bicycle,1033.206,994.127,-5.409,-0.373
P6,1046,104600,pedestrian/bicycle,1032.666,994.09,-5.392,-0.371
P6,1047,104700,pedestrian/bicycle,1032.127,994.053,-5.379,-0.371
P6,1048,104800,pedestrian/bicycle,1031.589,994.016,-5.373,-0.372
P6,1049,104900,pedestrian/bicycle,1031.052,993.979,-5.374,-0.372
P6,1050,105000,pedestrian/bicycle,1030.515,993.942,-5.379,-0.372
P6,1051,105100,pedestrian/bicycle,1029.976,993.904,-5.391,-0.375
P6,1052,105200,pedestrian/bicycle,1029.436,993.866,-5.41,-0.382
P6,1053,105300,pedestrian/bicycle,1028.894,993.827,-5.435,-0.398
P6,1054,105400,pedestrian/bicycle,1028.349,993.786,-5.466,-0.422
P6,1055,105500,pedestrian/bicycle,1027.801,993.743,-5.497,-0.454
P6,1056,105600,pedestrian/bicycle,1027.249,993.695,-5.526,-0.493
P6,1057,105700,pedestrian/bicycle,1026.696,993.644,-5.55,-0.535
P6,1058,105800,pedestrian/bicycle,1026.14,993.588,-5.571,-0.579
P6,1059,105900,pedestrian/bicycle,1025.581,993.528,-5.591,-0.622
P6,1060,106000,pedestrian/bicycle,1025.021,993.464,-5.615,-0.663
P6,1061,106100,pedestrian/bicycle,1024.458,993.396,-5.644,-0.698
P6,1062,106200,pedestrian/bicycle,1023.892,993.325,-5.675,-0.725
P6,1063,106300,pedestrian/bicycle,1023.323,993.251,-5.701,-0.746
P6,1064,106400,pedestrian/bicycle,1022.752,993.176,-5.719,-0.762
P6,1065,106500,pedestrian/bicycle,1022.18,993.099,-5.727,-0.779
P6,1066,106600,pedestrian/bicycle,1021.608,993.02,-5.726,-0.797
P6,1067,106700,pedestrian/bicycle,1021.035,992.939,-5.717,-0.817
P6,1068,106800,pedestrian/bicycle,1020.464,992.856,-5.703,-0.838
P6,1069,106900,pedestrian/bicycle,1019.895,992.772,-5.682,-0.857
P6,1070,107000,pedestrian/bicycle,1019.328,992.685,-5.652,-0.875
P6,1071,107100,pedestrian/bicycle,1018.765,992.597,-5.613,-0.89
P6,1072,107200,pedestrian/bicycle,1018.206,992.507,-5.569,-0.903
P6,1073,107300,pedestrian/bicycle,1017.651,992.416,-5.528,-0.912
P6,1074,107400,pedestrian/bicycle,1017.1,992.325,-5.496,-0.918
P6,1075,107500,pedestrian/bicycle,1016.551,992.233,-5.477,-0.922
P6,1076,107600,pedestrian/bicycle,1016.004,992.141,-5.473,-0.924
P6,1077,107700,pedestrian/bicycle,1015.456,992.048,-5.479,-0.921
P6,1078,107800,pedestrian/bicycle,1014.908,991.957,-5.487,-0.911
P6,1079,107900,pedestrian/bicycle,1014.359,991.866,-5.487,-0.894
P6,1080,108000,pedestrian/bicycle,1013.811,991.778,-5.471,-0.875
P6,1081,108100,pedestrian/bicycle,1013.266,991.692,-5.442,-0.853
P6,1082,108200,pedestrian/bicycle,1012.723,991.607,-5.41,-0.835
P6,1083,108300,pedestrian/bicycle,1012.183,991.524,-5.382,-0.825
P6,1084,108400,pedestrian/bicycle,1011.646,991.442,-5.362,-0.826
P6,1085,108500,pedestrian/bicycle,1011.11,991.358,-5.352,-0.84
P6,1086,108600,pedestrian/bicycle,1010.575,991.273,-5.349,-0.869
P6,1087,108700,pedestrian/bicycle,1010.04,991.184,-5.356,-0.911
P6,1088,108800,pedestrian/bicycle,1009.504,991.09,-5.368,-0.965
P6,1089,108900,pedestrian/bicycle,1008.967,990.99,-5.377,-1.028
P6,1090,109000,pedestrian/bicycle,1008.429,990.884,-5.379,-1.102
P6,1091,109100,pedestrian/bicycle,1007.891,990.769,-5.375,-1.192
P6,1092,109200,pedestrian/bicycle,1007.354,990.645,-5.368,-1.297
P6,1093,109300,pedestrian/bicycle,1006.818,990.509,-5.354,-1.413
P6,1094,109400,pedestrian/bicycle,1006.284,990.362,-5.329,-1.535
P6,1095,109500,pedestrian/bicycle,1005.753,990.202,-5.289,-1.658
P6,1096,109600,pedestrian/bicycle,1005.227,990.031,-5.232,-1.775
P6,1097,109700,pedestrian/bicycle,1004.708,989.848,-5.154,-1.88
P6,1098,109800,pedestrian/bicycle,1004.198,989.656,-5.047,-1.967
P6,1099,109900,pedestrian/bicycle,1003.7,989.456,-4.903,-2.03
P6,1100,110000,pedestrian/bicycle,1003.219,989.251,-4.721,-2.064
P6,1101,110100,pedestrian/bicycle,1002.758,989.044,-4.505,-2.067
P6,1102,110200,pedestrian/bicycle,1002.319,988.839,-4.27,-2.041
P6,1103,110300,pedestrian/bicycle,1001.904,988.637,-4.035,-1.993
P6,1104,110400,pedestrian/bicycle,1001.511,988.441,-3.822,-1.932
P6,1105,110500,pedestrian/bicycle,1001.137,988.251,-3.661,-1.875
P6,1106,110600,pedestrian/bicycle,1000.775,988.065,-3.572,-1.841
P6,1107,110700,pedestrian/bicycle,1000.419,987.881,-3.546,-1.831
P7,1980,198000,pedestrian/bicycle,1041.193,991.382,1.264,1.089
P7,1981,198100,pedestrian/bicycle,1041.315,991.492,1.18,1.109
P7,1982,198200,pedestrian/bicycle,1041.428,991.604,1.087,1.133
P7,1983,198300,pedestrian/bicycle,1041.531,991.719,0.979,1.161
P7,1984,198400,pedestrian/bicycle,1041.623,991.837,0.86,1.196
P7,1985,198500,pedestrian/bicycle,1041.703,991.959,0.732,1.237
P7,1986,198600,pedestrian/bicycle,1041.77,992.085,0.602,1.281
P7,1987,198700,pedestrian/bicycle,1041.824,992.215,0.485,1.322
P7,1988,198800,pedestrian/bicycle,1041.868,992.348,0.392,1.35
P7,1989,198900,pedestrian/bicycle,1041.904,992.484,0.331,1.361
P7,1990,199000,pedestrian/bicycle,1041.936,992.62,0.301,1.358
P7,1991,199100,pedestrian/bicycle,1041.966,992.755,0.297,1.344
P7,1992,199200,pedestrian/bicycle,1041.996,992.888,0.317,1.319
P7,1993,199300,pedestrian/bicycle,1042.03,993.018,0.356,1.281
P7,1994,199400,pedestrian/bicycle,1042.068,993.144,0.41,1.233
P7,1995,199500,pedestrian/bicycle,1042.113,993.264,0.479,1.174
P7,1996,199600,pedestrian/bicycle,1042.165,993.378,0.563,1.105
P7,1997,199700,pedestrian/bicycle,1042.226,993.485,0.659,1.027
P7,1998,199800,pedestrian/bicycle,1042.297,993.583,0.764,0.942
P7,1999,199900,pedestrian/bicycle,1042.379,993.673,0.878,0.853
P7,2000,200000,pedestrian/bicycle,1042.473,993.753,0.999,0.757
P7,2001,200100,pedestrian/bicycle,1042.579,993.824,1.127,0.655
P7,2002,200200,pedestrian/bicycle,1042.698,993.884,1.259,0.551
P7,2003,200300,pedestrian/bicycle,1042.831,993.934,1.385,0.45
P7,2004,200400,pedestrian/bicycle,1042.974,993.975,1.493,0.356
P7,2005,200500,pedestrian/bicycle,1043.128,994.006,1.581,0.271
P7,2006,200600,pedestrian/bicycle,1043.29,994.029,1.648,0.196
P7,2007,200700,pedestrian/bicycle,1043.456,994.046,1.683,0.137
P7,2008,200800,pedestrian/bicycle,1043.625,994.058,1.685,0.097
P7,2009,200900,pedestrian/bicycle,1043.792,994.066,1.667,0.072
P7,2010,201000,pedestrian/bicycle,1043.957,994.072,1.639,0.056
P7,2011,201100,pedestrian/bicycle,1044.119,994.078,1.602,0.046
P7,2012,201200,pedestrian/bicycle,1044.278,994.082,1.561,0.039
P7,2013,201300,pedestrian/bicycle,1044.432,994.085,1.52,0.032
P7,2014,201400,pedestrian/bicycle,1044.582,994.088,1.478,0.027
P7,2015,201500,pedestrian/bicycle,1044.727,994.091,1.429,0.029
P7,2016,201600,pedestrian/bicycle,1044.867,994.095,1.366,0.046
P7,2017,201700,pedestrian/bicycle,1044.999,994.101,1.289,0.083
P7,2018,201800,pedestrian/bicycle,1045.124,994.113,1.199,0.143
P7,2019,201900,pedestrian/bicycle,1045.238,994.131,1.094,0.23
P7,2020,202000,pedestrian/bicycle,1045.342,994.16,0.975,0.342
P7,2021,202100,pedestrian/bicycle,1045.433,994.2,0.848,0.472
P7,2022,202200,pedestrian/bicycle,1045.511,994.255,0.715,0.608
P7,2023,202300,pedestrian/bicycle,1045.576,994.322,0.583,0.737
P7,2024,202400,pedestrian/bicycle,1045.628,994.401,0.465,0.841
P7,2025,202500,pedestrian/bicycle,1045.67,994.488,0.376,0.904
P7,2026,202600,pedestrian/bicycle,1045.705,994.58,0.322,0.929
P7,2027,202700,pedestrian/bicycle,1045.736,994.673,0.297,0.936
P7,2028,202800,pedestrian/bicycle,1045.766,994.767,0.29,0.936
P8,2372,237200,pedestrian/bicycle,1001.813,987.584,3.245,1.086
P8,2373,237300,pedestrian/bicycle,1002.138,987.692,3.256,1.067
P8,2374,237400,pedestrian/bicycle,1002.464,987.797,3.262,1.045
P8,2375,237500,pedestrian/bicycle,1002.79,987.901,3.263,1.021
P8,2376,237600,pedestrian/bicycle,1003.116,988.001,3.257,0.994
P8,2377,237700,pedestrian/bicycle,1003.442,988.099,3.244,0.963
P8,2378,237800,pedestrian/bicycle,1003.765,988.194,3.226,0.924
P8,2379,237900,pedestrian/bicycle,1004.087,988.284,3.204,0.879
P8,2380,238000,pedestrian/bicycle,1004.405,988.369,3.174,0.832
P8,2381,238100,pedestrian/bicycle,1004.721,988.45,3.134,0.786
P8,2382,238200,pedestrian/bicycle,1005.032,988.527,3.083,0.746
P8,2383,238300,pedestrian/bicycle,1005.337,988.6,3.02,0.715
P8,2384,238400,pedestrian/bicycle,1005.635,988.67,2.953,0.693
P8,2385,238500,pedestrian/bicycle,1005.928,988.739,2.891,0.678
P8,2386,238600,pedestrian/bicycle,1006.214,988.806,2.841,0.669
P8,2387,238700,pedestrian/bicycle,1006.497,988.873,2.81,0.664
P8,2388,238800,pedestrian/bicycle,1006.777,988.939,2.796,0.66
P8,2389,238900,pedestrian/bicycle,1007.057,989.005,2.793,0.659
P8,2390,239000,pedestrian/bicycle,1007.336,989.071,2.799,0.661
P8,2391,239100,pedestrian/bicycle,1007.617,989.137,2.81,0.665
P8,2392,239200,pedestrian/bicycle,1007.898,989.204,2.823,0.671
P8,2393,239300,pedestrian/bicycle,1008.181,989.272,2.837,0.679
P8,2394,239400,pedestrian/bicycle,1008.466,989.34,2.85,0.693
P8,2395,239500,pedestrian/bicycle,1008.751,989.411,2.863,0.712
P8,2396,239600,pedestrian/bicycle,1009.038,989.483,2.877,0.736
P8,2397,239700,pedestrian/bicycle,1009.327,989.558,2.887,0.764
P8,2398,239800,pedestrian/bicycle,1009.615,989.636,2.891,0.795
P8,2399,239900,pedestrian/bicycle,1009.904,989.717,2.89,0.829
P8,2400,240000,pedestrian/bicycle,1010.193,989.802,2.886,0.863
P8,2401,240100,pedestrian/bicycle,1010.482,989.89,2.884,0.895
P8,2402,240200,pedestrian/bicycle,1010.77,989.98,2.888,0.922
P8,2403,240300,pedestrian/bicycle,1011.06,990.074,2.9,0.943
P8,2404,240400,pedestrian/bicycle,1011.351,990.169,2.924,0.959
P8,2405,240500,pedestrian/bicycle,1011.645,990.265,2.962,0.969
P8,2406,240600,pedestrian/bicycle,1011.944,990.362,3.017,0.972
P8,2407,240700,pedestrian/bicycle,1012.249,990.459,3.088,0.965
P8,2408,240800,pedestrian/bicycle,1012.562,990.555,3.165,0.95
P8,2409,240900,pedestrian/bicycle,1012.883,990.649,3.248,0.928
P8,2410,241000,pedestrian/bicycle,1013.212,990.74,3.337,0.9
P8,2411,241100,pedestrian/bicycle,1013.55,990.829,3.427,0.87
P8,2412,241200,pedestrian/bicycle,1013.897,990.914,3.515,0.838
P8,2413,241300,pedestrian/bicycle,1014.253,990.996,3.599,0.803
P8,2414,241400,pedestrian/bicycle,1014.616,991.075,3.672,0.768
P8,2415,241500,pedestrian/bicycle,1014.987,991.15,3.73,0.733
P8,2416,241600,pedestrian/bicycle,1015.362,991.221,3.779,0.694
P8,2417,241700,pedestrian/bicycle,1015.742,991.288,3.822,0.652
P8,2418,241800,pedestrian/bicycle,1016.126,991.351,3.866,0.605
P8,2419,241900,pedestrian/bicycle,1016.515,991.409,3.91,0.557
P8,2420,242000,pedestrian/bicycle,1016.908,991.463,3.953,0.511
P8,2421,242100,pedestrian/bicycle,1017.306,991.512,3.995,0.467
P8,2422,242200,pedestrian/bicycle,1017.707,991.556,4.036,0.428
P8,2423,242300,pedestrian/bicycle,1018.113,991.598,4.08,0.396
P8,2424,242400,pedestrian/bicycle,1018.523,991.636,4.121,0.374
P8,2425,242500,pedestrian/bicycle,1018.937,991.673,4.155,0.366
P8,2426,242600,pedestrian/bicycle,1019.354,991.71,4.179,0.377
P8,2427,242700,pedestrian/bicycle,1019.773,991.749,4.219,0.401
P8,2428,242800,pedestrian/bicycle,1020.198,991.79,4.277,0.422
P8,2429,242900,pedestrian/bicycle,1020.628,991.833,4.327,0.429
P8,2430,243000,pedestrian/bicycle,1021.063,991.876,4.365,0.426
P8,2431,243100,pedestrian/bicycle,1021.501,991.918,4.393,0.419
P8,2432,243200,pedestrian/bicycle,1021.941,991.959,4.415,0.41
P8,2433,243300,pedestrian/bicycle,1022.384,992,4.434,0.406
P8,2434,243400,pedestrian/bicycle,1022.828,992.041,4.452,0.407
P8,2435,243500,pedestrian/bicycle,1023.274,992.082,4.47,0.414
P8,2436,243600,pedestrian/bicycle,1023.722,992.124,4.486,0.425
P8,2437,243700,pedestrian/bicycle,1024.171,992.167,4.501,0.438
P8,2438,243800,pedestrian/bicycle,1024.622,992.211,4.516,0.45
P8,2439,243900,pedestrian/bicycle,1025.075,992.257,4.531,0.46
P8,2440,244000,pedestrian/bicycle,1025.528,992.303,4.545,0.467
P8,2441,244100,pedestrian/bicycle,1025.983,992.35,4.557,0.466
P8,2442,244200,pedestrian/bicycle,1026.44,992.396,4.565,0.46
P8,2443,244300,pedestrian/bicycle,1026.896,992.442,4.568,0.447
P8,2444,244400,pedestrian/bicycle,1027.353,992.485,4.568,0.43
P8,2445,244500,pedestrian/bicycle,1027.81,992.527,4.566,0.411
P8,2446,244600,pedestrian/bicycle,1028.266,992.567,4.563,0.39
P8,2447,244700,pedestrian/bicycle,1028.722,992.605,4.561,0.369
P8,2448,244800,pedestrian/bicycle,1029.178,992.641,4.559,0.353
P8,2449,244900,pedestrian/bicycle,1029.634,992.676,4.559,0.34
P8,2450,245000,pedestrian/bicycle,1030.09,992.71,4.562,0.335
P8,2451,245100,pedestrian/bicycle,1030.547,992.744,4.567,0.339
P8,2452,245200,pedestrian/bicycle,1031.004,992.778,4.578,0.352
P8,2453,245300,pedestrian/bicycle,1031.463,992.814,4.594,0.376
P8,2454,245400,pedestrian/bicycle,1031.923,992.854,4.618,0.406
P8,2455,245500,pedestrian/bicycle,1032.387,992.896,4.652,0.442
P8,2456,245600,pedestrian/bicycle,1032.854,992.942,4.688,0.485
P8,2457,245700,pedestrian/bicycle,1033.325,992.993,4.73,0.531
P8,2458,245800,pedestrian/bicycle,1033.8,993.049,4.778,0.578
P8,2459,245900,pedestrian/bicycle,1034.28,993.109,4.827,0.622
P8,2460,246000,pedestrian/bicycle,1034.766,993.173,4.877,0.662
P8,2461,246100,pedestrian/bicycle,1035.256,993.241,4.925,0.699
P8,2462,246200,pedestrian/bicycle,1035.751,993.312,4.971,0.732
P8,2463,246300,pedestrian/bicycle,1036.25,993.387,5.017,0.763
P8,2464,246400,pedestrian/bicycle,1036.754,993.465,5.065,0.793
P8,2465,246500,pedestrian/bicycle,1037.263,993.546,5.112,0.824
P8,2466,246600,pedestrian/bicycle,1037.776,993.63,5.155,0.854
P8,2467,246700,pedestrian/bicycle,1038.293,993.717,5.188,0.881
P8,2468,246800,pedestrian/bicycle,1038.813,993.806,5.207,0.902
P8,2469,246900,pedestrian/bicycle,1039.334,993.897,5.212,0.915
P8,2470,247000,pedestrian/bicycle,1039.855,993.988,5.202,0.918
P8,2471,247100,pedestrian/bicycle,1040.374,994.08,5.175,0.915
P8,2472,247200,pedestrian/bicycle,1040.889,994.171,5.126,0.904
P8,2473,247300,pedestrian/bicycle,1041.398,994.26,5.051,0.886
P8,2474,247400,pedestrian/bicycle,1041.898,994.348,4.95,0.86
P8,2475,247500,pedestrian/bicycle,1042.386,994.432,4.823,0.829
P8,2476,247600,pedestrian/bicycle,1042.861,994.513,4.675,0.795
P8,2477,247700,pedestrian/bicycle,1043.321,994.591,4.508,0.757
P8,2478,247800,pedestrian/bicycle,1043.762,994.664,4.319,0.717
P8,2479,247900,pedestrian/bicycle,1044.183,994.734,4.11,0.673
P8,2480,248000,pedestrian/bicycle,1044.583,994.799,3.889,0.628
P8,2481,248100,pedestrian/bicycle,1044.961,994.86,3.67,0.585
P8,2482,248200,pedestrian/bicycle,1045.318,994.916,3.473,0.549
P8,2483,248300,pedestrian/bicycle,1045.658,994.97,3.324,0.522
P8,2484,248400,pedestrian/bicycle,1045.986,995.021,3.242,0.508
P8,2485,248500,pedestrian/bicycle,1046.309,995.072,3.218,0.504
P9,2644,264400,pedestrian/bicycle,1001.105,987.907,1.177,0.6
P9,2645,264500,pedestrian/bicycle,1001.222,987.965,1.159,0.569
P9,2646,264600,pedestrian/bicycle,1001.337,988.02,1.138,0.537
P9,2647,264700,pedestrian/bicycle,1001.449,988.072,1.109,0.504
P9,2648,264800,pedestrian/bicycle,1001.558,988.121,1.069,0.471
P9,2649,264900,pedestrian/bicycle,1001.662,988.167,1.016,0.437
P9,2650,265000,pedestrian/bicycle,1001.76,988.209,0.951,0.401
P9,2651,265100,pedestrian/bicycle,1001.852,988.247,0.876,0.363
P9,2652,265200,pedestrian/bicycle,1001.935,988.281,0.796,0.322
P9,2653,265300,pedestrian/bicycle,1002.011,988.311,0.714,0.278
P9,2654,265400,pedestrian/bicycle,1002.078,988.337,0.636,0.234
P9,2655,265500,pedestrian/bicycle,1002.138,988.358,0.566,0.191
P9,2656,265600,pedestrian/bicycle,1002.192,988.375,0.505,0.149
P9,2657,265700,pedestrian/bicycle,1002.24,988.388,0.454,0.112
P9,2658,265800,pedestrian/bicycle,1002.283,988.398,0.409,0.08
P9,2659,265900,pedestrian/bicycle,1002.322,988.404,0.368,0.055
P9,2660,266000,pedestrian/bicycle,1002.357,988.409,0.324,0.032
P9,2661,266100,pedestrian/bicycle,1002.386,988.411,0.272,0.01
P9,2662,266200,pedestrian/bicycle,1002.411,988.411,0.212,-0.01
P9,2663,266300,pedestrian/bicycle,1002.429,988.409,0.147,-0.027
P9,2664,266400,pedestrian/bicycle,1002.44,988.406,0.08,-0.039
P9,2665,266500,pedestrian/bicycle,1002.445,988.401,0.013,-0.045
P9,2666,266600,pedestrian/bicycle,1002.443,988.397,-0.049,-0.046
P9,2667,266700,pedestrian/bicycle,1002.435,988.392,-0.102,-0.044
P9,2668,266800,pedestrian/bicycle,1002.423,988.388,-0.147,-0.042
P9,2669,266900,pedestrian/bicycle,1002.406,988.384,-0.186,-0.043
P9,2670,267000,pedestrian/bicycle,1002.386,988.379,-0.219,-0.047
P9,2671,267100,pedestrian/bicycle,1002.363,988.374,-0.247,-0.057
P9,2672,267200,pedestrian/bicycle,1002.337,988.368,-0.267,-0.071
P9,2673,267300,pedestrian/bicycle,1002.31,988.36,-0.272,-0.085
P9,2674,267400,pedestrian/bicycle,1002.284,988.351,-0.258,-0.094
P9,2675,267500,pedestrian/bicycle,1002.259,988.341,-0.23,-0.096
P9,2676,267600,pedestrian/bicycle,1002.238,988.332,-0.191,-0.09
P9,2677,267700,pedestrian/bicycle,1002.221,988.324,-0.146,-0.076
P9,2678,267800,pedestrian/bicycle,1002.209,988.317,-0.099,-0.058
P9,2679,267900,pedestrian/bicycle,1002.202,988.312,-0.045,-0.034
P9,2680,268000,pedestrian/bicycle,1002.2,988.311,0.018,-0.004
P9,2681,268100,pedestrian/bicycle,1002.206,988.312,0.09,0.031
P9,2682,268200,pedestrian/bicycle,1002.219,988.317,0.167,0.07
P9,2683,268300,pedestrian/bicycle,1002.239,988.326,0.246,0.111
P9,2684,268400,pedestrian/bicycle,1002.268,988.339,0.322,0.152
P9,2685,268500,pedestrian/bicycle,1002.303,988.356,0.392,0.189
P9,2686,268600,pedestrian/bicycle,1002.345,988.377,0.448,0.222
P9,2687,268700,pedestrian/bicycle,1002.392,988.401,0.489,0.251
P9,2688,268800,pedestrian/bicycle,1002.443,988.427,0.521,0.281
P9,2689,268900,pedestrian/bicycle,1002.496,988.457,0.549,0.311
P9,2690,269000,pedestrian/bicycle,1002.552,988.489,0.575,0.344
P9,2691,269100,pedestrian/bicycle,1002.611,988.526,0.603,0.379
P9,2692,269200,pedestrian/bicycle,1002.673,988.565,0.633,0.417
P9,2693,269300,pedestrian/bicycle,1002.738,988.609,0.66,0.452
P9,2694,269400,pedestrian/bicycle,1002.805,988.656,0.685,0.483
P9,2695,269500,pedestrian/bicycle,1002.875,988.705,0.714,0.509
P9,2696,269600,pedestrian/bicycle,1002.948,988.758,0.752,0.535
P9,2697,269700,pedestrian/bicycle,1003.026,988.812,0.805,0.561
P9,2698,269800,pedestrian/bicycle,1003.11,988.87,0.876,0.589
P9,2699,269900,pedestrian/bicycle,1003.202,988.93,0.969,0.622
P9,2700,270000,pedestrian/bicycle,1003.305,988.994,1.084,0.659
P9,2701,270100,pedestrian/bicycle,1003.42,989.062,1.215,0.7
P9,2702,270200,pedestrian/bicycle,1003.549,989.134,1.357,0.739
P9,2703,270300,pedestrian/bicycle,1003.692,989.21,1.506,0.773
P9,2704,270400,pedestrian/bicycle,1003.85,989.289,1.651,0.802
P9,2705,270500,pedestrian/bicycle,1004.021,989.37,1.786,0.826
P9,2706,270600,pedestrian/bicycle,1004.206,989.454,1.901,0.845
P9,2707,270700,pedestrian/bicycle,1004.4,989.539,1.992,0.856
P9,2708,270800,pedestrian/bicycle,1004.603,989.624,2.059,0.859
P9,2709,270900,pedestrian/bicycle,1004.811,989.71,2.097,0.852
P9,2710,271000,pedestrian/bicycle,1005.021,989.794,2.107,0.836
P9,2711,271100,pedestrian/bicycle,1005.231,989.877,2.099,0.813
P9,2712,271200,pedestrian/bicycle,1005.44,989.957,2.081,0.789
P9,2713,271300,pedestrian/bicycle,1005.647,990.035,2.058,0.769
P9,2714,271400,pedestrian/bicycle,1005.852,990.111,2.034,0.758
P9,2715,271500,pedestrian/bicycle,1006.054,990.187,2.006,0.757
P9,2716,271600,pedestrian/bicycle,1006.253,990.263,1.979,0.769
P9,2717,271700,pedestrian/bicycle,1006.45,990.341,1.958,0.791
P9,2718,271800,pedestrian/bicycle,1006.645,990.422,1.943,0.825
P9,2719,271900,pedestrian/bicycle,1006.839,990.507,1.933,0.868
P9,2720,272000,pedestrian/bicycle,1007.032,990.596,1.922,0.917
P9,2721,272100,pedestrian/bicycle,1007.223,990.69,1.912,0.966
P9,2722,272200,pedestrian/bicycle,1007.414,990.789,1.914,1.01
P9,2723,272300,pedestrian/bicycle,1007.607,990.891,1.931,1.039
P9,2724,272400,pedestrian/bicycle,1007.802,990.996,1.964,1.05
P9,2725,272500,pedestrian/bicycle,1008,991.1,2.009,1.039
P9,2726,272600,pedestrian/bicycle,1008.204,991.202,2.066,1.007
P9,2727,272700,pedestrian/bicycle,1008.414,991.301,2.132,0.962
P9,2728,272800,pedestrian/bicycle,1008.631,991.395,2.204,0.912
P9,2729,272900,pedestrian/bicycle,1008.854,991.483,2.27,0.86
P9,2730,273000,pedestrian/bicycle,1009.084,991.566,2.323,0.806
P9,2731,273100,pedestrian/bicycle,1009.318,991.644,2.362,0.75
P9,2732,273200,pedestrian/bicycle,1009.556,991.717,2.392,0.697
P9,2733,273300,pedestrian/bicycle,1009.796,991.784,2.414,0.651
P9,2734,273400,pedestrian/bicycle,1010.038,991.847,2.42,0.613
P9,2735,273500,pedestrian/bicycle,1010.28,991.907,2.413,0.582
P9,2736,273600,pedestrian/bicycle,1010.52,991.964,2.398,0.556
P9,2737,273700,pedestrian/bicycle,1010.759,992.018,2.38,0.535
P9,2738,273800,pedestrian/bicycle,1010.996,992.071,2.367,0.521
P9,2739,273900,pedestrian/bicycle,1011.233,992.123,2.366,0.512
P9,2740,274000,pedestrian/bicycle,1011.471,992.174,2.387,0.506
P9,2741,274100,pedestrian/bicycle,1011.711,992.224,2.426,0.496
P9,2742,274200,pedestrian/bicycle,1011.957,992.272,2.484,0.478
P9,2743,274300,pedestrian/bicycle,1012.209,992.319,2.559,0.451
P9,2744,274400,pedestrian/bicycle,1012.469,992.362,2.65,0.414
P9,2745,274500,pedestrian/bicycle,1012.74,992.401,2.752,0.364
P9,2746,274600,pedestrian/bicycle,1013.02,992.434,2.856,0.302
P9,2747,274700,pedestrian/bicycle,1013.31,992.461,2.951,0.224
P9,2748,274800,pedestrian/bicycle,1013.609,992.478,3.027,0.13
P9,2749,274900,pedestrian/bicycle,1013.915,992.486,3.082,0.026
P9,2750,275000,pedestrian/bicycle,1014.225,992.483,3.124,-0.077
P9,2751,275100,pedestrian/bicycle,1014.539,992.471,3.152,-0.171
P9,2752,275200,pedestrian/bicycle,1014.855,992.45,3.167,-0.251
P9,2753,275300,pedestrian/bicycle,1015.172,992.422,3.178,-0.313
P9,2754,275400,pedestrian/bicycle,1015.49,992.388,3.188,-0.355
P9,2755,275500,pedestrian/bicycle,1015.81,992.352,3.2,-0.383
P9,2756,275600,pedestrian/bicycle,1016.13,992.312,3.217,-0.398
P9,2757,275700,pedestrian/bicycle,1016.453,992.272,3.243,-0.404
P9,2758,275800,pedestrian/bicycle,1016.779,992.232,3.274,-0.399
P9,2759,275900,pedestrian/bicycle,1017.108,992.193,3.305,-0.386
P9,2760,276000,pedestrian/bicycle,1017.44,992.156,3.335,-0.363
P9,2761,276100,pedestrian/bicycle,1017.775,992.121,3.365,-0.331
P9,2762,276200,pedestrian/bicycle,1018.113,992.09,3.399,-0.293
P9,2763,276300,pedestrian/bicycle,1018.455,992.063,3.442,-0.248
P9,2764,276400,pedestrian/bicycle,1018.802,992.04,3.495,-0.197
P9,2765,276500,pedestrian/bicycle,1019.155,992.023,3.552,-0.14
P9,2766,276600,pedestrian/bicycle,1019.513,992.013,3.608,-0.078
P9,2767,276700,pedestrian/bicycle,1019.876,992.008,3.663,-0.019
P9,2768,276800,pedestrian/bicycle,1020.245,992.009,3.717,0.036
P9,2769,276900,pedestrian/bicycle,1020.619,992.015,3.767,0.086
P9,2770,277000,pedestrian/bicycle,1020.998,992.026,3.81,0.131
P9,2771,277100,pedestrian/bicycle,1021.381,992.041,3.847,0.171
P9,2772,277200,pedestrian/bicycle,1021.767,992.06,3.877,0.208
P9,2773,277300,pedestrian/bicycle,1022.156,992.082,3.901,0.24
P9,2774,277400,pedestrian/bicycle,1022.547,992.108,3.925,0.268
P9,2775,277500,pedestrian/bicycle,1022.941,992.135,3.947,0.291
P9,2776,277600,pedestrian/bicycle,1023.337,992.165,3.971,0.306
P9,2777,277700,pedestrian/bicycle,1023.736,992.196,4,0.316
P9,2778,277800,pedestrian/bicycle,1024.137,992.228,4.035,0.319
P9,2779,277900,pedestrian/bicycle,1024.543,992.26,4.076,0.316
P9,2780,278000,pedestrian/bicycle,1024.953,992.291,4.126,0.308
P9,2781,278100,pedestrian/bicycle,1025.369,992.321,4.186,0.295
P9,2782,278200,pedestrian/bicycle,1025.79,992.35,4.25,0.279
P9,2783,278300,pedestrian/bicycle,1026.218,992.377,4.305,0.258
P9,2784,278400,pedestrian/bicycle,1026.651,992.401,4.348,0.232
P9,2785,278500,pedestrian/bicycle,1027.087,992.423,4.383,0.201
P9,2786,278600,pedestrian/bicycle,1027.527,992.441,4.408,0.164
P9,2787,278700,pedestrian/bicycle,1027.968,992.456,4.422,0.126
P9,2788,278800,pedestrian/bicycle,1028.411,992.467,4.43,0.088
P9,2789,278900,pedestrian/bicycle,1028.854,992.474,4.434,0.053
P9,2790,279000,pedestrian/bicycle,1029.298,992.477,4.435,0.026
P9,2791,279100,pedestrian/bicycle,1029.741,992.479,4.434,0.015
P9,2792,279200,pedestrian/bicycle,1030.184,992.482,4.428,0.028
P9,2793,279300,pedestrian/bicycle,1030.627,992.486,4.428,0.057
P9,2794,279400,pedestrian/bicycle,1031.07,992.494,4.44,0.095
P9,2795,279500,pedestrian/bicycle,1031.515,992.505,4.454,0.141
P9,2796,279600,pedestrian/bicycle,1031.961,992.522,4.467,0.196
P9,2797,279700,pedestrian/bicycle,1032.409,992.545,4.484,0.258
P9,2798,279800,pedestrian/bicycle,1032.858,992.574,4.506,0.323
P9,2799,279900,pedestrian/bicycle,1033.31,992.61,4.532,0.392
P9,2800,280000,pedestrian/bicycle,1033.765,992.652,4.558,0.459
P9,2801,280100,pedestrian/bicycle,1034.222,992.701,4.58,0.524
P9,2802,280200,pedestrian/bicycle,1034.68,992.757,4.598,0.587
P9,2803,280300,pedestrian/bicycle,1035.141,992.819,4.612,0.644
P9,2804,280400,pedestrian/bicycle,1035.603,992.886,4.627,0.697
P9,2805,280500,pedestrian/bicycle,1036.066,992.958,4.645,0.746
P9,2806,280600,pedestrian/bicycle,1036.531,993.035,4.656,0.792
P9,2807,280700,pedestrian/bicycle,1036.997,993.116,4.657,0.835
P9,2808,280800,pedestrian/bicycle,1037.463,993.202,4.652,0.876
P9,2809,280900,pedestrian/bicycle,1037.927,993.291,4.639,0.913
P9,2810,281000,pedestrian/bicycle,1038.39,993.384,4.617,0.945
P9,2811,281100,pedestrian/bicycle,1038.85,993.48,4.59,0.972
P9,2812,281200,pedestrian/bicycle,1039.308,993.578,4.566,0.993
P9,2813,281300,pedestrian/bicycle,1039.764,993.678,4.545,1.007
P9,2814,281400,pedestrian/bicycle,1040.217,993.779,4.523,1.011
P9,2815,281500,pedestrian/bicycle,1040.668,993.88,4.492,1.003
P9,2816,281600,pedestrian/bicycle,1041.115,993.979,4.449,0.983
P9,2817,281700,pedestrian/bicycle,1041.557,994.076,4.386,0.955
P9,2818,281800,pedestrian/bicycle,1041.991,994.17,4.304,0.921
P9,2819,281900,pedestrian/bicycle,1042.416,994.26,4.2,0.885
P9,2820,282000,pedestrian/bicycle,1042.83,994.346,4.078,0.847
P9,2821,282100,pedestrian/bicycle,1043.231,994.429,3.938,0.806
P9,2822,282200,pedestrian/bicycle,1043.617,994.508,3.78,0.765
P9,2823,282300,pedestrian/bicycle,1043.986,994.582,3.603,0.725
P9,2824,282400,pedestrian/bicycle,1044.337,994.653,3.411,0.686
P9,2825,282500,pedestrian/bicycle,1044.668,994.719,3.215,0.648
P9,2826,282600,pedestrian/bicycle,1044.98,994.782,3.028,0.61
P9,2827,282700,pedestrian/bicycle,1045.275,994.842,2.861,0.576
P9,2828,282800,pedestrian/bicycle,1045.555,994.898,2.737,0.551
P9,2829,282900,pedestrian/bicycle,1045.825,994.952,2.668,0.537
P9,2830,283000,pedestrian/bicycle,1046.091,995.006,2.648,0.533
P1,6,600,pedestrian/bicycle,1039.318,1014.45,-1.116,0.152
P1,7,700,pedestrian/bicycle,1039.21,1014.464,-1.044,0.143
P1,8,800,pedestrian/bicycle,1039.109,1014.478,-0.972,0.136
P1,9,900,pedestrian/bicycle,1039.015,1014.492,-0.905,0.134
P1,10,1000,pedestrian/bicycle,1038.927,1014.506,-0.851,0.141
P1,11,1100,pedestrian/bicycle,1038.844,1014.52,-0.816,0.155
P1,12,1200,pedestrian/bicycle,1038.763,1014.537,-0.802,0.179
P1,13,1300,pedestrian/bicycle,1038.683,1014.557,-0.803,0.213
P1,14,1400,pedestrian/bicycle,1038.602,1014.58,-0.809,0.254
P1,15,1500,pedestrian/bicycle,1038.521,1014.607,-0.813,0.296
P1,16,1600,pedestrian/bicycle,1038.44,1014.639,-0.816,0.334
P1,17,1700,pedestrian/bicycle,1038.358,1014.674,-0.824,0.368
P1,18,1800,pedestrian/bicycle,1038.274,1014.712,-0.839,0.398
P1,19,1900,pedestrian/bicycle,1038.19,1014.753,-0.859,0.423
P1,20,2000,pedestrian/bicycle,1038.103,1014.796,-0.874,0.438
P1,21,2100,pedestrian/bicycle,1038.015,1014.84,-0.879,0.444
P1,22,2200,pedestrian/bicycle,1037.927,1014.885,-0.878,0.451
P1,23,2300,pedestrian/bicycle,1037.84,1014.931,-0.876,0.464
P1,24,2400,pedestrian/bicycle,1037.752,1014.978,-0.873,0.481
P1,25,2500,pedestrian/bicycle,1037.665,1015.027,-0.867,0.495
P1,26,2600,pedestrian/bicycle,1037.579,1015.077,-0.86,0.504
P1,27,2700,pedestrian/bicycle,1037.493,1015.128,-0.854,0.512
P1,28,2800,pedestrian/bicycle,1037.408,1015.179,-0.854,0.517
P1,29,2900,pedestrian/bicycle,1037.322,1015.231,-0.858,0.519
P1,30,3000,pedestrian/bicycle,1037.236,1015.283,-0.866,0.517
P1,31,3100,pedestrian/bicycle,1037.149,1015.334,-0.874,0.512
P1,32,3200,pedestrian/bicycle,1037.061,1015.385,-0.882,0.508
P1,33,3300,pedestrian/bicycle,1036.972,1015.436,-0.891,0.507
P1,34,3400,pedestrian/bicycle,1036.883,1015.487,-0.898,0.511
P1,35,3500,pedestrian/bicycle,1036.793,1015.538,-0.901,0.517
P1,36,3600,pedestrian/bicycle,1036.703,1015.59,-0.897,0.521
P1,37,3700,pedestrian/bicycle,1036.614,1015.642,-0.885,0.52
P1,38,3800,pedestrian/bicycle,1036.526,1015.694,-0.869,0.518
P1,39,3900,pedestrian/bicycle,1036.44,1015.746,-0.853,0.518
P1,40,4000,pedestrian/bicycle,1036.355,1015.798,-0.841,0.524
P1,41,4100,pedestrian/bicycle,1036.272,1015.851,-0.833,0.537
P1,42,4200,pedestrian/bicycle,1036.189,1015.906,-0.827,0.562
P1,43,4300,pedestrian/bicycle,1036.106,1015.964,-0.825,0.598
P1,44,4400,pedestrian/bicycle,1036.024,1016.026,-0.827,0.645
P1,45,4500,pedestrian/bicycle,1035.941,1016.093,-0.829,0.697
P1,46,4600,pedestrian/bicycle,1035.858,1016.165,-0.826,0.745
P1,47,4700,pedestrian/bicycle,1035.776,1016.242,-0.816,0.781
P1,48,4800,pedestrian/bicycle,1035.695,1016.321,-0.801,0.802
P1,49,4900,pedestrian/bicycle,1035.616,1016.402,-0.784,0.812
P1,50,5000,pedestrian/bicycle,1035.538,1016.483,-0.769,0.815
P1,51,5100,pedestrian/bicycle,1035.461,1016.564,-0.761,0.813
P1,52,5200,pedestrian/bicycle,1035.386,1016.645,-0.758,0.805
P1,53,5300,pedestrian/bicycle,1035.31,1016.725,-0.758,0.792
P1,54,5400,pedestrian/bicycle,1035.234,1016.804,-0.757,0.782
P1,55,5500,pedestrian/bicycle,1035.158,1016.882,-0.753,0.776
P1,56,5600,pedestrian/bicycle,1035.083,1016.959,-0.748,0.778
P1,57,5700,pedestrian/bicycle,1035.009,1017.037,-0.742,0.785
P1,58,5800,pedestrian/bicycle,1034.935,1017.116,-0.737,0.793
P1,59,5900,pedestrian/bicycle,1034.861,1017.196,-0.731,0.798
P1,60,6000,pedestrian/bicycle,1034.789,1017.276,-0.726,0.803
P1,61,6100,pedestrian/bicycle,1034.716,1017.357,-0.724,0.813
P1,62,6200,pedestrian/bicycle,1034.644,1017.439,-0.726,0.828
P1,63,6300,pedestrian/bicycle,1034.571,1017.522,-0.731,0.841
P1,64,6400,pedestrian/bicycle,1034.497,1017.607,-0.736,0.848
P1,65,6500,pedestrian/bicycle,1034.424,1017.692,-0.74,0.85
P1,66,6600,pedestrian/bicycle,1034.349,1017.777,-0.744,0.85
P1,67,6700,pedestrian/bicycle,1034.275,1017.862,-0.745,0.849
P1,68,6800,pedestrian/bicycle,1034.201,1017.946,-0.744,0.849
P1,69,6900,pedestrian/bicycle,1034.126,1018.031,-0.739,0.847
P1,70,7000,pedestrian/bicycle,1034.053,1018.116,-0.73,0.839
P1,71,7100,pedestrian/bicycle,1033.981,1018.199,-0.717,0.825
P1,72,7200,pedestrian/bicycle,1033.91,1018.28,-0.7,0.807
P1,73,7300,pedestrian/bicycle,1033.841,1018.36,-0.682,0.789
P1,74,7400,pedestrian/bicycle,1033.773,1018.438,-0.663,0.769
P1,75,7500,pedestrian/bicycle,1033.708,1018.514,-0.643,0.743
P1,76,7600,pedestrian/bicycle,1033.645,1018.586,-0.624,0.713
P1,77,7700,pedestrian/bicycle,1033.583,1018.657,-0.611,0.689
P1,78,7800,pedestrian/bicycle,1033.522,1018.725,-0.608,0.675
P1,79,7900,pedestrian/bicycle,1033.461,1018.792,-0.611,0.671
P1,80,8000,pedestrian/bicycle,1033.4,1018.859,-0.614,0.671
P3,257,25700,pedestrian/bicycle,1001.171,987.811,3.617,1.472
P3,258,25800,pedestrian/bicycle,1001.532,987.956,3.613,1.431
P3,259,25900,pedestrian/bicycle,1001.893,988.097,3.603,1.389
P3,260,26000,pedestrian/bicycle,1002.252,988.234,3.587,1.343
P3,261,26100,pedestrian/bicycle,1002.61,988.365,3.568,1.291
P3,262,26200,pedestrian/bicycle,1002.966,988.492,3.541,1.236
P3,263,26300,pedestrian/bicycle,1003.318,988.613,3.506,1.183
P3,264,26400,pedestrian/bicycle,1003.667,988.729,3.47,1.134
P3,265,26500,pedestrian/bicycle,1004.012,988.84,3.436,1.087
P3,266,26600,pedestrian/bicycle,1004.353,988.946,3.39,1.034
P3,267,26700,pedestrian/bicycle,1004.689,989.046,3.327,0.975
P3,268,26800,pedestrian/bicycle,1005.018,989.141,3.252,0.915
P3,269,26900,pedestrian/bicycle,1005.34,989.229,3.174,0.859
P3,270,27000,pedestrian/bicycle,1005.653,989.313,3.104,0.807
P3,271,27100,pedestrian/bicycle,1005.961,989.391,3.047,0.764
P3,272,27200,pedestrian/bicycle,1006.264,989.466,3.011,0.73
P3,273,27300,pedestrian/bicycle,1006.565,989.538,3.007,0.705
P3,274,27400,pedestrian/bicycle,1006.868,989.608,3.05,0.692
P3,275,27500,pedestrian/bicycle,1007.178,989.677,3.158,0.697
P3,276,27600,pedestrian/bicycle,1007.503,989.748,3.333,0.72
P3,277,27700,pedestrian/bicycle,1007.847,989.822,3.554,0.758
P3,278,27800,pedestrian/bicycle,1008.213,989.9,3.773,0.801
P3,279,27900,pedestrian/bicycle,1008.599,989.982,3.941,0.84
P3,280,28000,pedestrian/bicycle,1008.998,990.067,4.041,0.868
P3,281,28100,pedestrian/bicycle,1009.404,990.155,4.079,0.886
P3,282,28200,pedestrian/bicycle,1009.812,990.244,4.074,0.896
P3,283,28300,pedestrian/bicycle,1010.217,990.334,4.041,0.897
P3,284,28400,pedestrian/bicycle,1010.619,990.423,3.994,0.889
P3,285,28500,pedestrian/bicycle,1011.016,990.511,3.942,0.869
P3,286,28600,pedestrian/bicycle,1011.408,990.596,3.89,0.833
P3,287,28700,pedestrian/bicycle,1011.794,990.677,3.841,0.784
P3,288,28800,pedestrian/bicycle,1012.176,990.752,3.79,0.729
P3,289,28900,pedestrian/bicycle,1012.552,990.823,3.738,0.676
P3,290,29000,pedestrian/bicycle,1012.923,990.888,3.687,0.628
P3,291,29100,pedestrian/bicycle,1013.289,990.949,3.637,0.589
P3,292,29200,pedestrian/bicycle,1013.651,991.006,3.593,0.552
P3,293,29300,pedestrian/bicycle,1014.009,991.059,3.56,0.516
P3,294,29400,pedestrian/bicycle,1014.363,991.109,3.537,0.485
P3,295,29500,pedestrian/bicycle,1014.717,991.157,3.524,0.463
P3,296,29600,pedestrian/bicycle,1015.069,991.202,3.517,0.449
P3,297,29700,pedestrian/bicycle,1015.42,991.247,3.514,0.445
P3,298,29800,pedestrian/bicycle,1015.771,991.291,3.502,0.446
P3,299,29900,pedestrian/bicycle,1016.12,991.336,3.479,0.449
P3,300,30000,pedestrian/bicycle,1016.467,991.381,3.458,0.454
P3,301,30100,pedestrian/bicycle,1016.811,991.427,3.436,0.46
P3,302,30200,pedestrian/bicycle,1017.154,991.473,3.413,0.465
P3,303,30300,pedestrian/bicycle,1017.495,991.52,3.406,0.467
P3,304,30400,pedestrian/bicycle,1017.837,991.567,3.429,0.467
P3,305,30500,pedestrian/bicycle,1018.182,991.613,3.48,0.466
P3,306,30600,pedestrian/bicycle,1018.533,991.66,3.53,0.464
P3,307,30700,pedestrian/bicycle,1018.887,991.706,3.565,0.457
P3,308,30800,pedestrian/bicycle,1019.245,991.751,3.59,0.445
P3,309,30900,pedestrian/bicycle,1019.605,991.795,3.611,0.43
P3,310,31000,pedestrian/bicycle,1019.968,991.837,3.643,0.42
P3,311,31100,pedestrian/bicycle,1020.333,991.879,3.67,0.419
P3,312,31200,pedestrian/bicycle,1020.702,991.921,3.691,0.427
P3,313,31300,pedestrian/bicycle,1021.072,991.965,3.72,0.439
P3,314,31400,pedestrian/bicycle,1021.445,992.009,3.742,0.447
P3,315,31500,pedestrian/bicycle,1021.82,992.054,3.753,0.448
P3,316,31600,pedestrian/bicycle,1022.196,992.098,3.777,0.447
P3,317,31700,pedestrian/bicycle,1022.577,992.143,3.827,0.447
P3,318,31800,pedestrian/bicycle,1022.962,992.188,3.882,0.451
P3,319,31900,pedestrian/bicycle,1023.353,992.233,3.936,0.453
P3,320,32000,pedestrian/bicycle,1023.749,992.278,3.979,0.448
P3,321,32100,pedestrian/bicycle,1024.147,992.323,3.986,0.438
P3,322,32200,pedestrian/bicycle,1024.544,992.366,3.96,0.425
P3,323,32300,pedestrian/bicycle,1024.938,992.408,3.915,0.411
P3,324,32400,pedestrian/bicycle,1025.327,992.448,3.865,0.398
P3,325,32500,pedestrian/bicycle,1025.711,992.487,3.818,0.383
P3,326,32600,pedestrian/bicycle,1026.091,992.524,3.782,0.365
P3,327,32700,pedestrian/bicycle,1026.468,992.56,3.755,0.345
P3,328,32800,pedestrian/bicycle,1026.842,992.594,3.732,0.326
P3,329,32900,pedestrian/bicycle,1027.214,992.625,3.705,0.312
P3,330,33000,pedestrian/bicycle,1027.583,992.656,3.673,0.306
P3,331,33100,pedestrian/bicycle,1027.948,992.687,3.636,0.308
P3,332,33200,pedestrian/bicycle,1028.31,992.718,3.6,0.317
P3,333,33300,pedestrian/bicycle,1028.669,992.751,3.568,0.333
P3,334,33400,pedestrian/bicycle,1029.024,992.785,3.546,0.351
P3,335,33500,pedestrian/bicycle,1029.378,992.821,3.536,0.367
P3,336,33600,pedestrian/bicycle,1029.732,992.858,3.538,0.381
P3,337,33700,pedestrian/bicycle,1030.086,992.897,3.547,0.396
P3,338,33800,pedestrian/bicycle,1030.442,992.937,3.557,0.413
P3,339,33900,pedestrian/bicycle,1030.797,992.98,3.561,0.433
P3,340,34000,pedestrian/bicycle,1031.153,993.024,3.556,0.454
P3,341,34100,pedestrian/bicycle,1031.508,993.07,3.539,0.473
P3,342,34200,pedestrian/bicycle,1031.861,993.119,3.515,0.49
P3,343,34300,pedestrian/bicycle,1032.211,993.168,3.494,0.507
P3,344,34400,pedestrian/bicycle,1032.56,993.22,3.489,0.525
P3,345,34500,pedestrian/bicycle,1032.911,993.273,3.515,0.543
P3,346,34600,pedestrian/bicycle,1033.265,993.329,3.576,0.558
P3,347,34700,pedestrian/bicycle,1033.626,993.385,3.649,0.565
P3,348,34800,pedestrian/bicycle,1033.995,993.441,3.716,0.563
P3,349,34900,pedestrian/bicycle,1034.368,993.497,3.76,0.555
P3,350,35000,pedestrian/bicycle,1034.745,993.552,3.775,0.541
P3,351,35100,pedestrian/bicycle,1035.122,993.605,3.77,0.516
P3,352,35200,pedestrian/bicycle,1035.498,993.655,3.748,0.481
P3,353,35300,pedestrian/bicycle,1035.872,993.701,3.732,0.443
P3,354,35400,pedestrian/bicycle,1036.245,993.743,3.729,0.409
P3,355,35500,pedestrian/bicycle,1036.619,993.783,3.749,0.382
P3,356,35600,pedestrian/bicycle,1036.997,993.82,3.798,0.364
P3,357,35700,pedestrian/bicycle,1037.379,993.856,3.853,0.353
P3,358,35800,pedestrian/bicycle,1037.767,993.891,3.904,0.348
P3,359,35900,pedestrian/bicycle,1038.16,993.926,3.948,0.349
P3,360,36000,pedestrian/bicycle,1038.557,993.961,3.991,0.356
P3,361,36100,pedestrian/bicycle,1038.958,993.998,4.042,0.371
P3,362,36200,pedestrian/bicycle,1039.364,994.036,4.077,0.393
P3,363,36300,pedestrian/bicycle,1039.772,994.076,4.086,0.419
P3,364,36400,pedestrian/bicycle,1040.181,994.12,4.084,0.451
P3,365,36500,pedestrian/bicycle,1040.589,994.167,4.088,0.487
P3,366,36600,pedestrian/bicycle,1040.999,994.217,4.1,0.521
P3,367,36700,pedestrian/bicycle,1041.408,994.27,4.091,0.544
P3,368,36800,pedestrian/bicycle,1041.815,994.325,4.048,0.553
P3,369,36900,pedestrian/bicycle,1042.217,994.38,3.983,0.549
P3,370,37000,pedestrian/bicycle,1042.611,994.435,3.894,0.537
P3,371,37100,pedestrian/bicycle,1042.995,994.487,3.784,0.517
P3,372,37200,pedestrian/bicycle,1043.367,994.538,3.665,0.489
P3,373,37300,pedestrian/bicycle,1043.727,994.585,3.539,0.457
P3,374,37400,pedestrian/bicycle,1044.074,994.629,3.4,0.424
P3,375,37500,pedestrian/bicycle,1044.407,994.67,3.253,0.392
P3,376,37600,pedestrian/bicycle,1044.725,994.708,3.106,0.365
P3,377,37700,pedestrian/bicycle,1045.029,994.743,2.966,0.343
P3,378,37800,pedestrian/bicycle,1045.32,994.777,2.855,0.327
P3,379,37900,pedestrian/bicycle,1045.602,994.809,2.792,0.318
P3,380,38000,pedestrian/bicycle,1045.88,994.841,2.773,0.316
P4,409,40900,pedestrian/bicycle,1045.635,994.056,-3.428,0.345
P4,410,41000,pedestrian/bicycle,1045.293,994.091,-3.401,0.371
P4,411,41100,pedestrian/bicycle,1044.954,994.13,-3.374,0.395
P4,412,41200,pedestrian/bicycle,1044.618,994.17,-3.348,0.414
P4,413,41300,pedestrian/bicycle,1044.285,994.212,-3.328,0.423
P4,414,41400,pedestrian/bicycle,1043.953,994.254,-3.313,0.422
P4,415,41500,pedestrian/bicycle,1043.622,994.296,-3.302,0.41
P4,416,41600,pedestrian/bicycle,1043.292,994.336,-3.294,0.386
P4,417,41700,pedestrian/bicycle,1042.963,994.372,-3.292,0.35
P4,418,41800,pedestrian/bicycle,1042.633,994.405,-3.3,0.305
P4,419,41900,pedestrian/bicycle,1042.302,994.433,-3.315,0.253
P4,420,42000,pedestrian/bicycle,1041.97,994.456,-3.342,0.196
P4,421,42100,pedestrian/bicycle,1041.634,994.472,-3.379,0.136
P4,422,42200,pedestrian/bicycle,1041.294,994.483,-3.416,0.074
P4,423,42300,pedestrian/bicycle,1040.951,994.487,-3.445,0.015
P4,424,42400,pedestrian/bicycle,1040.605,994.486,-3.465,-0.042
P4,425,42500,pedestrian/bicycle,1040.258,994.479,-3.478,-0.096
P4,426,42600,pedestrian/bicycle,1039.91,994.467,-3.488,-0.143
P4,427,42700,pedestrian/bicycle,1039.561,994.451,-3.492,-0.181
P4,428,42800,pedestrian/bicycle,1039.211,994.431,-3.492,-0.213
P4,429,42900,pedestrian/bicycle,1038.862,994.408,-3.491,-0.244
P4,430,43000,pedestrian/bicycle,1038.513,994.382,-3.486,-0.276
P4,431,43100,pedestrian/bicycle,1038.165,994.353,-3.473,-0.31
P4,432,43200,pedestrian/bicycle,1037.819,994.32,-3.457,-0.347
P4,433,43300,pedestrian/bicycle,1037.474,994.283,-3.444,-0.387
P4,434,43400,pedestrian/bicycle,1037.13,994.242,-3.436,-0.428
P4,435,43500,pedestrian/bicycle,1036.787,994.198,-3.43,-0.466
P4,436,43600,pedestrian/bicycle,1036.443,994.15,-3.433,-0.498
P4,437,43700,pedestrian/bicycle,1036.099,994.099,-3.447,-0.521
P4,438,43800,pedestrian/bicycle,1035.754,994.046,-3.47,-0.537
P4,439,43900,pedestrian/bicycle,1035.405,993.991,-3.496,-0.553
P4,440,44000,pedestrian/bicycle,1035.054,993.935,-3.52,-0.57
P4,441,44100,pedestrian/bicycle,1034.701,993.877,-3.541,-0.586
P4,442,44200,pedestrian/bicycle,1034.347,993.818,-3.554,-0.6
P4,443,44300,pedestrian/bicycle,1033.991,993.757,-3.555,-0.613
P4,444,44400,pedestrian/bicycle,1033.636,993.695,-3.544,-0.624
P4,445,44500,pedestrian/bicycle,1033.283,993.632,-3.524,-0.632
P4,446,44600,pedestrian/bicycle,1032.932,993.569,-3.497,-0.638
P4,447,44700,pedestrian/bicycle,1032.583,993.505,-3.467,-0.646
P4,448,44800,pedestrian/bicycle,1032.238,993.44,-3.438,-0.657
P4,449,44900,pedestrian/bicycle,1031.896,993.373,-3.408,-0.669
P4,450,45000,pedestrian/bicycle,1031.557,993.306,-3.376,-0.68
P4,451,45100,pedestrian/bicycle,1031.221,993.237,-3.346,-0.688
P4,452,45200,pedestrian/bicycle,1030.887,993.168,-3.322,-0.695
P4,453,45300,pedestrian/bicycle,1030.556,993.098,-3.301,-0.701
P4,454,45400,pedestrian/bicycle,1030.227,993.028,-3.281,-0.703
P4,455,45500,pedestrian/bicycle,1029.9,992.958,-3.262,-0.699
P4,456,45600,pedestrian/bicycle,1029.574,992.889,-3.252,-0.692
P4,457,45700,pedestrian/bicycle,1029.249,992.82,-3.253,-0.679
P4,458,45800,pedestrian/bicycle,1028.923,992.753,-3.26,-0.664
P4,459,45900,pedestrian/bicycle,1028.597,992.687,-3.271,-0.647
P4,460,46000,pedestrian/bicycle,1028.269,992.624,-3.286,-0.628
P4,461,46100,pedestrian/bicycle,1027.939,992.562,-3.303,-0.608
P4,462,46200,pedestrian/bicycle,1027.608,992.502,-3.322,-0.587
P4,463,46300,pedestrian/bicycle,1027.275,992.444,-3.34,-0.568
P4,464,46400,pedestrian/bicycle,1026.94,992.388,-3.357,-0.549
P4,465,46500,pedestrian/bicycle,1026.604,992.334,-3.367,-0.531
P4,466,46600,pedestrian/bicycle,1026.267,992.282,-3.37,-0.513
P4,467,46700,pedestrian/bicycle,1025.93,992.232,-3.375,-0.498
P4,468,46800,pedestrian/bicycle,1025.592,992.183,-3.379,-0.485
P4,469,46900,pedestrian/bicycle,1025.255,992.135,-3.377,-0.475
P4,470,47000,pedestrian/bicycle,1024.917,992.087,-3.368,-0.471
P4,471,47100,pedestrian/bicycle,1024.581,992.04,-3.353,-0.472
P4,472,47200,pedestrian/bicycle,1024.247,991.992,-3.331,-0.479
P4,473,47300,pedestrian/bicycle,1023.915,991.944,-3.304,-0.485
P4,474,47400,pedestrian/bicycle,1023.586,991.896,-3.276,-0.488
P4,475,47500,pedestrian/bicycle,1023.26,991.847,-3.248,-0.491
P4,476,47600,pedestrian/bicycle,1022.936,991.797,-3.228,-0.496
P4,477,47700,pedestrian/bicycle,1022.614,991.747,-3.218,-0.503
P4,478,47800,pedestrian/bicycle,1022.292,991.697,-3.216,-0.512
P4,479,47900,pedestrian/bicycle,1021.97,991.645,-3.221,-0.524
P4,480,48000,pedestrian/bicycle,1021.648,991.592,-3.233,-0.536
P4,481,48100,pedestrian/bicycle,1021.324,991.538,-3.251,-0.547
P4,482,48200,pedestrian/bicycle,1020.998,991.483,-3.268,-0.558
P4,483,48300,pedestrian/bicycle,1020.67,991.426,-3.279,-0.568
P4,484,48400,pedestrian/bicycle,1020.342,991.369,-3.285,-0.577
P4,485,48500,pedestrian/bicycle,1020.013,991.311,-3.285,-0.585
P4,486,48600,pedestrian/bicycle,1019.685,991.252,-3.275,-0.591
P4,487,48700,pedestrian/bicycle,1019.359,991.193,-3.258,-0.598
P4,488,48800,pedestrian/bicycle,1019.034,991.133,-3.235,-0.602
P4,489,48900,pedestrian/bicycle,1018.712,991.072,-3.208,-0.601
P4,490,49000,pedestrian/bicycle,1018.393,991.013,-3.178,-0.598
P4,491,49100,pedestrian/bicycle,1018.076,990.953,-3.149,-0.594
P4,492,49200,pedestrian/bicycle,1017.763,990.894,-3.121,-0.593
P4,493,49300,pedestrian/bicycle,1017.452,990.834,-3.096,-0.596
P4,494,49400,pedestrian/bicycle,1017.143,990.774,-3.073,-0.604
P4,495,49500,pedestrian/bicycle,1016.837,990.713,-3.053,-0.615
P4,496,49600,pedestrian/bicycle,1016.533,990.651,-3.034,-0.626
P4,497,49700,pedestrian/bicycle,1016.23,990.588,-3.016,-0.634
P4,498,49800,pedestrian/bicycle,1015.929,990.524,-3.001,-0.641
P4,499,49900,pedestrian/bicycle,1015.63,990.46,-2.99,-0.648
P4,500,50000,pedestrian/bicycle,1015.331,990.394,-2.986,-0.659
P4,501,50100,pedestrian/bicycle,1015.032,990.328,-2.99,-0.673
P4,502,50200,pedestrian/bicycle,1014.733,990.26,-3.003,-0.689
P4,503,50300,pedestrian/bicycle,1014.431,990.19,-3.024,-0.703
P4,504,50400,pedestrian/bicycle,1014.127,990.119,-3.052,-0.713
P4,505,50500,pedestrian/bicycle,1013.821,990.048,-3.081,-0.721
P4,506,50600,pedestrian/bicycle,1013.511,989.975,-3.104,-0.726
P4,507,50700,pedestrian/bicycle,1013.2,989.902,-3.117,-0.732
P4,508,50800,pedestrian/bicycle,1012.889,989.829,-3.12,-0.74
P4,509,50900,pedestrian/bicycle,1012.577,989.754,-3.115,-0.75
P4,510,51000,pedestrian/bicycle,1012.266,989.679,-3.101,-0.761
P4,511,51100,pedestrian/bicycle,1011.957,989.602,-3.084,-0.772
P4,512,51200,pedestrian/bicycle,1011.649,989.524,-3.073,-0.782
P4,513,51300,pedestrian/bicycle,1011.342,989.446,-3.07,-0.789
P4,514,51400,pedestrian/bicycle,1011.035,989.367,-3.076,-0.79
P4,515,51500,pedestrian/bicycle,1010.726,989.288,-3.089,-0.784
P4,516,51600,pedestrian/bicycle,1010.417,989.21,-3.105,-0.772
P4,517,51700,pedestrian/bicycle,1010.106,989.134,-3.117,-0.755
P4,518,51800,pedestrian/bicycle,1009.794,989.059,-3.121,-0.739
P4,519,51900,pedestrian/bicycle,1009.482,988.986,-3.117,-0.725
P4,520,52000,pedestrian/bicycle,1009.17,988.914,-3.11,-0.714
P4,521,52100,pedestrian/bicycle,1008.86,988.843,-3.1,-0.707
P4,522,52200,pedestrian/bicycle,1008.551,988.772,-3.085,-0.706
P4,523,52300,pedestrian/bicycle,1008.243,988.701,-3.071,-0.712
P4,524,52400,pedestrian/bicycle,1007.936,988.63,-3.064,-0.723
P4,525,52500,pedestrian/bicycle,1007.63,988.556,-3.061,-0.739
P4,526,52600,pedestrian/bicycle,1007.324,988.482,-3.06,-0.756
P4,527,52700,pedestrian/bicycle,1007.018,988.405,-3.06,-0.773
P4,528,52800,pedestrian/bicycle,1006.712,988.327,-3.062,-0.787
P4,529,52900,pedestrian/bicycle,1006.405,988.248,-3.064,-0.799
P4,530,53000,pedestrian/bicycle,1006.099,988.168,-3.065,-0.809
P4,531,53100,pedestrian/bicycle,1005.792,988.086,-3.064,-0.817
P4,532,53200,pedestrian/bicycle,1005.486,988.004,-3.062,-0.824
P4,533,53300,pedestrian/bicycle,1005.18,987.922,-3.052,-0.827
P4,534,53400,pedestrian/bicycle,1004.876,987.839,-3.026,-0.824
P4,535,53500,pedestrian/bicycle,1004.576,987.757,-2.982,-0.815
P4,536,53600,pedestrian/bicycle,1004.281,987.676,-2.916,-0.799
P4,537,53700,pedestrian/bicycle,1003.994,987.598,-2.824,-0.777
P4,538,53800,pedestrian/bicycle,1003.717,987.521,-2.71,-0.75
P4,539,53900,pedestrian/bicycle,1003.452,987.448,-2.592,-0.721
P4,540,54000,pedestrian/bicycle,1003.198,987.377,-2.497,-0.697
P4,541,54100,pedestrian/bicycle,1002.951,987.308,-2.443,-0.683
P4,542,54200,pedestrian/bicycle,1002.707,987.24,-2.427,-0.679
