track_id,frame_id,timestamp_ms,agent_type,x,y,vx,vy
P1,1,100,pedestrian/bicycle,1007.546,990.127,3.738,0.178
P1,2,200,pedestrian/bicycle,1007.914,990.146,3.62,0.193
P1,3,300,pedestrian/bicycle,1008.27,990.166,3.504,0.212
P1,4,400,pedestrian/bicycle,1008.614,990.189,3.388,0.236
P1,5,500,pedestrian/bicycle,1008.948,990.214,3.285,0.265
P1,6,600,pedestrian/bicycle,1009.272,990.242,3.201,0.3
P1,7,700,pedestrian/bicycle,1009.589,990.274,3.138,0.34
P1,8,800,pedestrian/bicycle,1009.901,990.31,3.099,0.379
P1,9,900,pedestrian/bicycle,1010.211,990.35,3.093,0.415
P1,10,1000,pedestrian/bicycle,1010.522,990.393,3.127,0.448
P1,11,1100,pedestrian/bicycle,1010.838,990.439,3.19,0.477
P1,12,1200,pedestrian/bicycle,1011.16,990.488,3.268,0.5
P1,13,1300,pedestrian/bicycle,1011.492,990.539,3.355,0.52
P1,14,1400,pedestrian/bicycle,1011.832,990.592,3.445,0.536
P1,15,1500,pedestrian/bicycle,1012.18,990.646,3.529,0.551
P1,16,1600,pedestrian/bicycle,1012.537,990.702,3.599,0.563
P1,17,1700,pedestrian/bicycle,1012.899,990.759,3.648,0.573
P1,18,1800,pedestrian/bicycle,1013.266,990.816,3.681,0.583
P1,19,1900,pedestrian/bicycle,1013.635,990.875,3.698,0.591
P1,20,2000,pedestrian/bicycle,1014.005,990.934,3.702,0.594
P1,21,2100,pedestrian/bicycle,1014.375,990.994,3.7,0.592
P1,22,2200,pedestrian/bicycle,1014.744,991.052,3.697,0.581
P1,23,2300,pedestrian/bicycle,1015.114,991.109,3.691,0.562
P1,24,2400,pedestrian/bicycle,1015.482,991.164,3.68,0.537
P1,25,2500,pedestrian/bicycle,1015.85,991.217,3.663,0.507
P1,26,2600,pedestrian/bicycle,1016.215,991.266,3.648,0.476
P1,27,2700,pedestrian/bicycle,1016.58,991.312,3.643,0.447
P1,28,2800,pedestrian/bicycle,1016.944,991.355,3.649,0.42
P1,29,2900,pedestrian/bicycle,1017.31,991.396,3.669,0.393
P1,30,3000,pedestrian/bicycle,1017.678,991.434,3.695,0.364
P1,31,3100,pedestrian/bicycle,1018.049,991.469,3.72,0.334
P1,32,3200,pedestrian/bicycle,1018.422,991.501,3.739,0.304
P1,33,3300,pedestrian/bicycle,1018.797,991.53,3.751,0.275
P1,34,3400,pedestrian/bicycle,1019.172,991.556,3.754,0.246
P1,35,3500,pedestrian/bicycle,1019.547,991.579,3.753,0.215
P1,36,3600,pedestrian/bicycle,1019.923,991.599,3.76,0.182
P1,37,3700,pedestrian/bicycle,1020.3,991.615,3.78,0.149
P1,38,3800,pedestrian/bicycle,1020.679,991.629,3.805,0.118
P1,39,3900,pedestrian/bicycle,1021.061,991.639,3.826,0.09
P1,40,4000,pedestrian/bicycle,1021.444,991.647,3.84,0.067
P1,41,4100,pedestrian/bicycle,1021.829,991.653,3.853,0.05
P1,42,4200,pedestrian/bicycle,1022.215,991.657,3.869,0.042
P1,43,4300,pedestrian/bicycle,1022.602,991.661,3.884,0.039
P1,44,4400,pedestrian/bicycle,1022.991,991.665,3.894,0.041
P1,45,4500,pedestrian/bicycle,1023.38,991.669,3.894,0.041
P1,46,4600,pedestrian/bicycle,1023.77,991.673,3.888,0.04
P1,47,4700,pedestrian/bicycle,1024.158,991.677,3.878,0.037
P1,48,4800,pedestrian/bicycle,1024.545,991.681,3.867,0.031
P1,49,4900,pedestrian/bicycle,1024.931,991.684,3.856,0.025
P1,50,5000,pedestrian/bicycle,1025.316,991.686,3.847,0.02
P1,51,5100,pedestrian/bicycle,1025.701,991.688,3.848,0.019
P1,52,5200,pedestrian/bicycle,1026.087,991.69,3.863,0.024
P1,53,5300,pedestrian/bicycle,1026.474,991.693,3.884,0.039
P1,54,5400,pedestrian/bicycle,1026.864,991.698,3.906,0.064
P1,55,5500,pedestrian/bicycle,1027.255,991.706,3.921,0.092
P1,56,5600,pedestrian/bicycle,1027.647,991.717,3.924,0.124
P1,57,5700,pedestrian/bicycle,1028.039,991.731,3.915,0.158
P1,58,5800,pedestrian/bicycle,1028.43,991.748,3.896,0.193
P1,59,5900,pedestrian/bicycle,1028.818,991.77,3.868,0.231
P1,60,6000,pedestrian/bicycle,1029.203,991.795,3.842,0.269
P1,61,6100,pedestrian/bicycle,1029.587,991.823,3.822,0.308
P1,62,6200,pedestrian/bicycle,1029.968,991.856,3.806,0.344
P1,63,6300,pedestrian/bicycle,1030.347,991.892,3.784,0.38
P1,64,6400,pedestrian/bicycle,1030.724,991.932,3.75,0.413
P1,65,6500,pedestrian/bicycle,1031.097,991.975,3.704,0.443
P1,66,6600,pedestrian/bicycle,1031.464,992.02,3.649,0.468
P1,67,6700,pedestrian/bicycle,1031.826,992.068,3.586,0.487
P1,68,6800,pedestrian/bicycle,1032.181,992.118,3.515,0.501
P1,69,6900,pedestrian/bicycle,1032.529,992.168,3.438,0.511
P1,70,7000,pedestrian/bicycle,1032.869,992.219,3.361,0.516
P1,71,7100,pedestrian/bicycle,1033.202,992.271,3.292,0.516
P1,72,7200,pedestrian/bicycle,1033.528,992.322,3.234,0.506
P1,73,7300,pedestrian/bicycle,1033.849,992.372,3.194,0.489
P1,74,7400,pedestrian/bicycle,1034.167,992.42,3.166,0.465
P1,75,7500,pedestrian/bicycle,1034.482,992.464,3.12,0.43
P1,76,7600,pedestrian/bicycle,1034.789,992.505,3.035,0.385
P1,77,7700,pedestrian/bicycle,1035.087,992.541,2.924,0.333
P1,78,7800,pedestrian/bicycle,1035.374,992.572,2.806,0.28
P1,79,7900,pedestrian/bicycle,1035.649,992.597,2.693,0.225
P1,80,8000,pedestrian/bicycle,1035.913,992.617,2.588,0.167
P1,81,8100,pedestrian/bicycle,1036.167,992.63,2.493,0.109
P1,82,8200,pedestrian/bicycle,1036.412,992.638,2.411,0.051
P1,83,8300,pedestrian/bicycle,1036.65,992.641,2.348,-0.005
P1,84,8400,pedestrian/bicycle,1036.883,992.637,2.306,-0.058
P1,85,8500,pedestrian/bicycle,1037.112,992.629,2.281,-0.107
P1,86,8600,pedestrian/bicycle,1037.339,992.617,2.268,-0.146
P1,87,8700,pedestrian/bicycle,1037.566,992.6,2.261,-0.176
P1,88,8800,pedestrian/bicycle,1037.792,992.582,2.258,-0.193
P1,89,8900,pedestrian/bicycle,1038.017,992.563,2.252,-0.195
P1,90,9000,pedestrian/bicycle,1038.242,992.544,2.236,-0.178
P1,91,9100,pedestrian/bicycle,1038.464,992.528,2.21,-0.141
P1,92,9200,pedestrian/bicycle,1038.683,992.517,2.174,-0.086
P1,93,9300,pedestrian/bicycle,1038.899,992.512,2.136,-0.015
P1,94,9400,pedestrian/bicycle,1039.111,992.514,2.105,0.071
P1,95,9500,pedestrian/bicycle,1039.32,992.526,2.084,0.168
P1,96,9600,pedestrian/bicycle,1039.528,992.548,2.074,0.273
P1,97,9700,pedestrian/bicycle,1039.736,992.581,2.074,0.38
P1,98,9800,pedestrian/bicycle,1039.943,992.624,2.077,0.487
P1,99,9900,pedestrian/bicycle,1040.151,992.678,2.081,0.591
P1,100,10000,pedestrian/bicycle,1040.359,992.742,2.082,0.692
P1,101,10100,pedestrian/bicycle,1040.567,992.816,2.08,0.787
P1,102,10200,pedestrian/bicycle,1040.775,992.899,2.077,0.874
P1,103,10300,pedestrian/bicycle,1040.983,992.991,2.078,0.953
P1,104,10400,pedestrian/bicycle,1041.191,993.089,2.089,1.022
P1,105,10500,pedestrian/bicycle,1041.401,993.195,2.107,1.08
P1,106,10600,pedestrian/bicycle,1041.613,993.305,2.13,1.125
P1,107,10700,pedestrian/bicycle,1041.827,993.419,2.157,1.156
P1,108,10800,pedestrian/bicycle,1042.045,993.535,2.19,1.171
P1,109,10900,pedestrian/bicycle,1042.266,993.652,2.232,1.167
P1,110,11000,pedestrian/bicycle,1042.492,993.768,2.283,1.149
P1,111,11100,pedestrian/bicycle,1042.723,993.881,2.342,1.119
P1,112,11200,pedestrian/bicycle,1042.96,993.991,2.399,1.081
P1,113,11300,pedestrian/bicycle,1043.202,994.097,2.445,1.035
P1,114,11400,pedestrian/bicycle,1043.448,994.198,2.475,0.985
P1,115,11500,pedestrian/bicycle,1043.696,994.294,2.486,0.931
P1,116,11600,pedestrian/bicycle,1043.944,994.384,2.48,0.876
P1,117,11700,pedestrian/bicycle,1044.191,994.469,2.457,0.82
P1,118,11800,pedestrian/bicycle,1044.435,994.548,2.423,0.763
P1,119,11900,pedestrian/bicycle,1044.675,994.622,2.379,0.706
P1,120,12000,pedestrian/bicycle,1044.91,994.69,2.323,0.649
P1,121,12100,pedestrian/bicycle,1045.139,994.752,2.256,0.593
P1,122,12200,pedestrian/bicycle,1045.361,994.808,2.178,0.541
P1,123,12300,pedestrian/bicycle,1045.575,994.86,2.095,0.498
P1,124,12400,pedestrian/bicycle,1045.781,994.909,2.026,0.469
P1,125,12500,pedestrian/bicycle,1045.981,994.955,1.985,0.453
P1,126,12600,pedestrian/bicycle,1046.179,995,1.973,0.449
P5,1759,175900,pedestrian/bicycle,1045.561,995.507,-5.263,-0.645
P5,1760,176000,pedestrian/bicycle,1045.038,995.442,-5.204,-0.656
P5,1761,176100,pedestrian/bicycle,1044.52,995.376,-5.149,-0.665
P5,1762,176200,pedestrian/bicycle,1044.008,995.309,-5.1,-0.672
P5,1763,176300,pedestrian/bicycle,1043.5,995.242,-5.062,-0.674
P5,1764,176400,pedestrian/bicycle,1042.995,995.174,-5.039,-0.672
P5,1765,176500,pedestrian/bicycle,1042.492,995.108,-5.016,-0.667
P5,1766,176600,pedestrian/bicycle,1041.992,995.041,-4.982,-0.661
P5,1767,176700,pedestrian/bicycle,1041.496,994.975,-4.943,-0.655
P5,1768,176800,pedestrian/bicycle,1041.004,994.91,-4.899,-0.651
P5,1769,176900,pedestrian/bicycle,1040.517,994.845,-4.842,-0.655
P5,1770,177000,pedestrian/bicycle,1040.036,994.779,-4.766,-0.665
P5,1771,177100,pedestrian/bicycle,1039.565,994.712,-4.664,-0.677
P5,1772,177200,pedestrian/bicycle,1039.105,994.643,-4.527,-0.693
P5,1773,177300,pedestrian/bicycle,1038.661,994.573,-4.355,-0.711
P5,1774,177400,pedestrian/bicycle,1038.235,994.501,-4.164,-0.729
P5,1775,177500,pedestrian/bicycle,1037.828,994.427,-3.968,-0.742
P5,1776,177600,pedestrian/bicycle,1037.441,994.353,-3.78,-0.748
P5,1777,177700,pedestrian/bicycle,1037.071,994.278,-3.624,-0.745
P5,1778,177800,pedestrian/bicycle,1036.713,994.205,-3.525,-0.728
P5,1779,177900,pedestrian/bicycle,1036.361,994.134,-3.517,-0.689
P5,1780,178000,pedestrian/bicycle,1036.005,994.068,-3.608,-0.63
P5,1781,178100,pedestrian/bicycle,1035.636,994.008,-3.772,-0.563
P5,1782,178200,pedestrian/bicycle,1035.249,993.955,-3.971,-0.495
P5,1783,178300,pedestrian/bicycle,1034.841,993.909,-4.179,-0.43
P5,1784,178400,pedestrian/bicycle,1034.413,993.869,-4.381,-0.37
P5,1785,178500,pedestrian/bicycle,1033.966,993.835,-4.564,-0.314
P5,1786,178600,pedestrian/bicycle,1033.502,993.806,-4.715,-0.264
P5,1787,178700,pedestrian/bicycle,1033.025,993.782,-4.83,-0.22
P5,1788,178800,pedestrian/bicycle,1032.538,993.762,-4.912,-0.179
P5,1789,178900,pedestrian/bicycle,1032.044,993.746,-4.961,-0.14
P5,1790,179000,pedestrian/bicycle,1031.547,993.733,-4.984,-0.105
P5,1791,179100,pedestrian/bicycle,1031.048,993.724,-4.989,-0.075
P5,1792,179200,pedestrian/bicycle,1030.55,993.718,-4.982,-0.051
P5,1793,179300,pedestrian/bicycle,1030.052,993.714,-4.964,-0.035
P5,1794,179400,pedestrian/bicycle,1029.557,993.711,-4.941,-0.027
P5,1795,179500,pedestrian/bicycle,1029.064,993.708,-4.92,-0.025
P5,1796,179600,pedestrian/bicycle,1028.573,993.706,-4.908,-0.024
P5,1797,179700,pedestrian/bicycle,1028.082,993.703,-4.903,-0.025
P5,1798,179800,pedestrian/bicycle,1027.592,993.7,-4.902,-0.033
P5,1799,179900,pedestrian/bicycle,1027.101,993.696,-4.91,-0.047
P5,1800,180000,pedestrian/bicycle,1026.609,993.69,-4.929,-0.066
P5,1801,180100,pedestrian/bicycle,1026.115,993.683,-4.955,-0.09
P5,1802,180200,pedestrian/bicycle,1025.618,993.672,-4.984,-0.118
P5,1803,180300,pedestrian/bicycle,1025.118,993.659,-5.015,-0.15
P5,1804,180400,pedestrian/bicycle,1024.615,993.642,-5.049,-0.186
P5,1805,180500,pedestrian/bicycle,1024.108,993.621,-5.079,-0.228
P5,1806,180600,pedestrian/bicycle,1023.599,993.596,-5.107,-0.276
P5,1807,180700,pedestrian/bicycle,1023.087,993.566,-5.135,-0.329
P5,1808,180800,pedestrian/bicycle,1022.573,993.53,-5.156,-0.382
P5,1809,180900,pedestrian/bicycle,1022.057,993.49,-5.159,-0.435
P5,1810,181000,pedestrian/bicycle,1021.542,993.444,-5.143,-0.483
P5,1811,181100,pedestrian/bicycle,1021.029,993.393,-5.115,-0.523
P5,1812,181200,pedestrian/bicycle,1020.519,993.339,-5.081,-0.555
P5,1813,181300,pedestrian/bicycle,1020.013,993.283,-5.043,-0.58
P5,1814,181400,pedestrian/bicycle,1019.51,993.224,-5.013,-0.594
P5,1815,181500,pedestrian/bicycle,1019.01,993.164,-4.991,-0.596
P5,1816,181600,pedestrian/bicycle,1018.512,993.105,-4.971,-0.589
P5,1817,181700,pedestrian/bicycle,1018.015,993.047,-4.957,-0.575
P5,1818,181800,pedestrian/bicycle,1017.52,992.99,-4.945,-0.554
P5,1819,181900,pedestrian/bicycle,1017.026,992.936,-4.93,-0.531
P5,1820,182000,pedestrian/bicycle,1016.535,992.884,-4.906,-0.511
P5,1821,182100,pedestrian/bicycle,1016.046,992.834,-4.875,-0.499
P5,1822,182200,pedestrian/bicycle,1015.56,992.784,-4.833,-0.496
P5,1823,182300,pedestrian/bicycle,1015.079,992.734,-4.793,-0.5
P5,1824,182400,pedestrian/bicycle,1014.6,992.684,-4.775,-0.508
P5,1825,182500,pedestrian/bicycle,1014.123,992.632,-4.777,-0.521
P5,1826,182600,pedestrian/bicycle,1013.645,992.579,-4.786,-0.544
P5,1827,182700,pedestrian/bicycle,1013.165,992.523,-4.799,-0.579
P5,1828,182800,pedestrian/bicycle,1012.684,992.462,-4.822,-0.628
P5,1829,182900,pedestrian/bicycle,1012.201,992.396,-4.852,-0.692
P5,1830,183000,pedestrian/bicycle,1011.714,992.323,-4.878,-0.769
P5,1831,183100,pedestrian/bicycle,1011.225,992.242,-4.896,-0.86
P5,1832,183200,pedestrian/bicycle,1010.735,992.151,-4.916,-0.966
P5,1833,183300,pedestrian/bicycle,1010.242,992.048,-4.943,-1.084
P5,1834,183400,pedestrian/bicycle,1009.746,991.933,-4.975,-1.211
P5,1835,183500,pedestrian/bicycle,1009.247,991.806,-5.008,-1.344
P5,1836,183600,pedestrian/bicycle,1008.744,991.664,-5.041,-1.48
P5,1837,183700,pedestrian/bicycle,1008.239,991.51,-5.07,-1.612
P5,1838,183800,pedestrian/bicycle,1007.731,991.342,-5.087,-1.74
P5,1839,183900,pedestrian/bicycle,1007.223,991.162,-5.081,-1.866
P5,1840,184000,pedestrian/bicycle,1006.716,990.969,-5.045,-1.989
P5,1841,184100,pedestrian/bicycle,1006.215,990.765,-4.973,-2.102
P5,1842,184200,pedestrian/bicycle,1005.723,990.55,-4.878,-2.196
P5,1843,184300,pedestrian/bicycle,1005.24,990.327,-4.786,-2.261
P5,1844,184400,pedestrian/bicycle,1004.765,990.099,-4.701,-2.289
P5,1845,184500,pedestrian/bicycle,1004.3,989.871,-4.612,-2.28
P5,1846,184600,pedestrian/bicycle,1003.844,989.645,-4.506,-2.234
P5,1847,184700,pedestrian/bicycle,1003.4,989.426,-4.374,-2.16
P5,1848,184800,pedestrian/bicycle,1002.97,989.214,-4.217,-2.066
P5,1849,184900,pedestrian/bicycle,1002.557,989.013,-4.043,-1.958
P5,1850,185000,pedestrian/bicycle,1002.162,988.823,-3.863,-1.845
P5,1851,185100,pedestrian/bicycle,1001.784,988.644,-3.691,-1.741
P5,1852,185200,pedestrian/bicycle,1001.422,988.473,-3.553,-1.664
P5,1853,185300,pedestrian/bicycle,1001.071,988.309,-3.475,-1.622
P5,1854,185400,pedestrian/bicycle,1000.724,988.147,-3.452,-1.61
P6,2418,241800,pedestrian/bicycle,1045.469,995.166,-5.033,-0.853
P6,2419,241900,pedestrian/bicycle,1044.962,995.08,-5.095,-0.876
P6,2420,242000,pedestrian/bicycle,1044.45,994.991,-5.156,-0.902
P6,2421,242100,pedestrian/bicycle,1043.931,994.9,-5.218,-0.926
P6,2422,242200,pedestrian/bicycle,1043.406,994.806,-5.278,-0.949
P6,2423,242300,pedestrian/bicycle,1042.876,994.71,-5.331,-0.973
P6,2424,242400,pedestrian/bicycle,1042.341,994.611,-5.375,-0.994
P6,2425,242500,pedestrian/bicycle,1041.801,994.511,-5.412,-1.011
P6,2426,242600,pedestrian/bicycle,1041.258,994.41,-5.445,-1.023
P6,2427,242700,pedestrian/bicycle,1040.712,994.307,-5.475,-1.03
P6,2428,242800,pedestrian/bicycle,1040.164,994.204,-5.501,-1.029
P6,2429,242900,pedestrian/bicycle,1039.612,994.101,-5.523,-1.022
P6,2430,243000,pedestrian/bicycle,1039.059,994,-5.54,-1.01
P6,2431,243100,pedestrian/bicycle,1038.505,993.9,-5.549,-0.995
P6,2432,243200,pedestrian/bicycle,1037.95,993.801,-5.549,-0.976
P6,2433,243300,pedestrian/bicycle,1037.395,993.705,-5.539,-0.953
P6,2434,243400,pedestrian/bicycle,1036.843,993.61,-5.515,-0.929
P6,2435,243500,pedestrian/bicycle,1036.293,993.519,-5.482,-0.904
P6,2436,243600,pedestrian/bicycle,1035.746,993.43,-5.447,-0.877
P6,2437,243700,pedestrian/bicycle,1035.203,993.344,-5.413,-0.844
P6,2438,243800,pedestrian/bicycle,1034.664,993.261,-5.38,-0.801
P6,2439,243900,pedestrian/bicycle,1034.127,993.184,-5.349,-0.748
P6,2440,244000,pedestrian/bicycle,1033.594,993.112,-5.32,-0.686
P6,2441,244100,pedestrian/bicycle,1033.063,993.047,-5.297,-0.615
P6,2442,244200,pedestrian/bicycle,1032.534,992.99,-5.281,-0.534
P6,2443,244300,pedestrian/bicycle,1032.007,992.941,-5.27,-0.443
P6,2444,244400,pedestrian/bicycle,1031.48,992.902,-5.262,-0.342
P6,2445,244500,pedestrian/bicycle,1030.954,992.873,-5.259,-0.233
P6,2446,244600,pedestrian/bicycle,1030.428,992.855,-5.255,-0.119
P6,2447,244700,pedestrian/bicycle,1029.903,992.849,-5.247,-0.004
P6,2448,244800,pedestrian/bicycle,1029.379,992.855,-5.236,0.113
P6,2449,244900,pedestrian/bicycle,1028.856,992.872,-5.219,0.227
P6,2450,245000,pedestrian/bicycle,1028.335,992.9,-5.197,0.333
P6,2451,245100,pedestrian/bicycle,1027.817,992.938,-5.173,0.428
P6,2452,245200,pedestrian/bicycle,1027.301,992.984,-5.153,0.507
P6,2453,245300,pedestrian/bicycle,1026.786,993.038,-5.135,0.567
P6,2454,245400,pedestrian/bicycle,1026.273,993.097,-5.12,0.606
P6,2455,245500,pedestrian/bicycle,1025.762,993.158,-5.112,0.625
P6,2456,245600,pedestrian/bicycle,1025.251,993.221,-5.108,0.623
P6,2457,245700,pedestrian/bicycle,1024.74,993.282,-5.103,0.603
P6,2458,245800,pedestrian/bicycle,1024.23,993.34,-5.095,0.566
P6,2459,245900,pedestrian/bicycle,1023.721,993.394,-5.088,0.514
P6,2460,246000,pedestrian/bicycle,1023.213,993.442,-5.082,0.447
P6,2461,246100,pedestrian/bicycle,1022.705,993.483,-5.08,0.365
P6,2462,246200,pedestrian/bicycle,1022.197,993.515,-5.08,0.273
P6,2463,246300,pedestrian/bicycle,1021.688,993.537,-5.083,0.175
P6,2464,246400,pedestrian/bicycle,1021.18,993.55,-5.087,0.077
P6,2465,246500,pedestrian/bicycle,1020.671,993.553,-5.091,-0.017
P6,2466,246600,pedestrian/bicycle,1020.162,993.547,-5.094,-0.105
P6,2467,246700,pedestrian/bicycle,1019.652,993.532,-5.096,-0.184
P6,2468,246800,pedestrian/bicycle,1019.143,993.51,-5.094,-0.255
P6,2469,246900,pedestrian/bicycle,1018.634,993.482,-5.086,-0.318
P6,2470,247000,pedestrian/bicycle,1018.126,993.447,-5.07,-0.371
P6,2471,247100,pedestrian/bicycle,1017.62,993.408,-5.051,-0.414
P6,2472,247200,pedestrian/bicycle,1017.116,993.365,-5.032,-0.446
P6,2473,247300,pedestrian/bicycle,1016.614,993.319,-5.013,-0.471
P6,2474,247400,pedestrian/bicycle,1016.113,993.271,-4.995,-0.495
P6,2475,247500,pedestrian/bicycle,1015.615,993.22,-4.978,-0.521
P6,2476,247600,pedestrian/bicycle,1015.117,993.167,-4.962,-0.551
P6,2477,247700,pedestrian/bicycle,1014.622,993.11,-4.946,-0.587
P6,2478,247800,pedestrian/bicycle,1014.128,993.049,-4.934,-0.627
P6,2479,247900,pedestrian/bicycle,1013.635,992.984,-4.925,-0.673
P6,2480,248000,pedestrian/bicycle,1013.143,992.914,-4.915,-0.724
P6,2481,248100,pedestrian/bicycle,1012.652,992.839,-4.899,-0.783
P6,2482,248200,pedestrian/bicycle,1012.164,992.757,-4.878,-0.848
P6,2483,248300,pedestrian/bicycle,1011.677,992.669,-4.857,-0.915
P6,2484,248400,pedestrian/bicycle,1011.192,992.574,-4.835,-0.985
P6,2485,248500,pedestrian/bicycle,1010.71,992.472,-4.813,-1.056
P6,2486,248600,pedestrian/bicycle,1010.23,992.363,-4.791,-1.132
P6,2487,248700,pedestrian/bicycle,1009.752,992.245,-4.771,-1.214
P6,2488,248800,pedestrian/bicycle,1009.275,992.119,-4.751,-1.303
P6,2489,248900,pedestrian/bicycle,1008.801,991.984,-4.731,-1.396
P6,2490,249000,pedestrian/bicycle,1008.329,991.84,-4.708,-1.491
P6,2491,249100,pedestrian/bicycle,1007.86,991.686,-4.681,-1.587
P6,2492,249200,pedestrian/bicycle,1007.393,991.523,-4.652,-1.682
P6,2493,249300,pedestrian/bicycle,1006.93,991.35,-4.622,-1.778
P6,2494,249400,pedestrian/bicycle,1006.469,991.167,-4.586,-1.874
P6,2495,249500,pedestrian/bicycle,1006.013,990.975,-4.542,-1.965
P6,2496,249600,pedestrian/bicycle,1005.561,990.775,-4.484,-2.047
P6,2497,249700,pedestrian/bicycle,1005.117,990.567,-4.404,-2.112
P6,2498,249800,pedestrian/bicycle,1004.682,990.353,-4.294,-2.153
P6,2499,249900,pedestrian/bicycle,1004.26,990.138,-4.149,-2.163
P6,2500,250000,pedestrian/bicycle,1003.854,989.923,-3.961,-2.135
P6,2501,250100,pedestrian/bicycle,1003.47,989.712,-3.727,-2.068
P6,2502,250200,pedestrian/bicycle,1003.111,989.511,-3.456,-1.965
P6,2503,250300,pedestrian/bicycle,1002.78,989.321,-3.166,-1.835
P6,2504,250400,pedestrian/bicycle,1002.477,989.144,-2.889,-1.697
P6,2505,250500,pedestrian/bicycle,1002.2,988.981,-2.659,-1.575
P6,2506,250600,pedestrian/bicycle,1001.942,988.827,-2.501,-1.49
P6,2507,250700,pedestrian/bicycle,1001.696,988.681,-2.419,-1.445
P6,2508,250800,pedestrian/bicycle,1001.455,988.537,-2.396,-1.433
P8,2451,245100,pedestrian/bicycle,1001.84,987.469,4.392,1.422
P8,2452,245200,pedestrian/bicycle,1002.283,987.612,4.457,1.426
P8,2453,245300,pedestrian/bicycle,1002.732,987.754,4.524,1.424
P8,2454,245400,pedestrian/bicycle,1003.188,987.896,4.593,1.413
P8,2455,245500,pedestrian/bicycle,1003.65,988.036,4.659,1.388
P8,2456,245600,pedestrian/bicycle,1004.119,988.173,4.719,1.345
P8,2457,245700,pedestrian/bicycle,1004.594,988.304,4.771,1.285
P8,2458,245800,pedestrian/bicycle,1005.073,988.429,4.814,1.212
P8,2459,245900,pedestrian/bicycle,1005.556,988.546,4.849,1.131
P8,2460,246000,pedestrian/bicycle,1006.042,988.655,4.871,1.045
P8,2461,246100,pedestrian/bicycle,1006.53,988.755,4.88,0.962
P8,2462,246200,pedestrian/bicycle,1007.018,988.848,4.884,0.89
P8,2463,246300,pedestrian/bicycle,1007.507,988.934,4.89,0.835
P8,2464,246400,pedestrian/bicycle,1007.996,989.016,4.903,0.797
P8,2465,246500,pedestrian/bicycle,1008.488,989.094,4.929,0.776
P8,2466,246600,pedestrian/bicycle,1008.983,989.172,4.968,0.77
P8,2467,246700,pedestrian/bicycle,1009.482,989.249,5.018,0.779
P8,2468,246800,pedestrian/bicycle,1009.987,989.328,5.081,0.799
P8,2469,246900,pedestrian/bicycle,1010.499,989.409,5.154,0.828
P8,2470,247000,pedestrian/bicycle,1011.018,989.494,5.24,0.863
P8,2471,247100,pedestrian/bicycle,1011.547,989.582,5.331,0.901
P8,2472,247200,pedestrian/bicycle,1012.085,989.674,5.422,0.939
P8,2473,247300,pedestrian/bicycle,1012.631,989.77,5.505,0.975
P8,2474,247400,pedestrian/bicycle,1013.185,989.869,5.571,1.002
P8,2475,247500,pedestrian/bicycle,1013.744,989.97,5.619,1.019
P8,2476,247600,pedestrian/bicycle,1014.308,990.072,5.652,1.024
P8,2477,247700,pedestrian/bicycle,1014.875,990.174,5.682,1.02
P8,2478,247800,pedestrian/bicycle,1015.444,990.276,5.712,1.013
P8,2479,247900,pedestrian/bicycle,1016.017,990.377,5.745,1.006
P8,2480,248000,pedestrian/bicycle,1016.594,990.477,5.784,1.004
P8,2481,248100,pedestrian/bicycle,1017.174,990.578,5.825,1.007
P8,2482,248200,pedestrian/bicycle,1017.759,990.679,5.87,1.015
P8,2483,248300,pedestrian/bicycle,1018.348,990.781,5.918,1.024
P8,2484,248400,pedestrian/bicycle,1018.942,990.884,5.962,1.033
P8,2485,248500,pedestrian/bicycle,1019.54,990.988,5.995,1.046
P8,2486,248600,pedestrian/bicycle,1020.141,991.093,6.018,1.058
P8,2487,248700,pedestrian/bicycle,1020.743,991.199,6.037,1.065
P8,2488,248800,pedestrian/bicycle,1021.348,991.305,6.061,1.062
P8,2489,248900,pedestrian/bicycle,1021.956,991.411,6.1,1.045
P8,2490,249000,pedestrian/bicycle,1022.568,991.514,6.135,1.021
P8,2491,249100,pedestrian/bicycle,1023.182,991.615,6.153,1.001
P8,2492,249200,pedestrian/bicycle,1023.798,991.714,6.164,0.984
P8,2493,249300,pedestrian/bicycle,1024.415,991.812,6.174,0.968
P8,2494,249400,pedestrian/bicycle,1025.033,991.908,6.181,0.949
P8,2495,249500,pedestrian/bicycle,1025.651,992.001,6.182,0.924
P8,2496,249600,pedestrian/bicycle,1026.269,992.092,6.181,0.891
P8,2497,249700,pedestrian/bicycle,1026.887,992.179,6.177,0.852
P8,2498,249800,pedestrian/bicycle,1027.504,992.262,6.171,0.809
P8,2499,249900,pedestrian/bicycle,1028.121,992.341,6.165,0.768
P8,2500,250000,pedestrian/bicycle,1028.738,992.416,6.16,0.734
P8,2501,250100,pedestrian/bicycle,1029.353,992.488,6.158,0.709
P8,2502,250200,pedestrian/bicycle,1029.969,992.558,6.161,0.691
P8,2503,250300,pedestrian/bicycle,1030.586,992.627,6.167,0.681
P8,2504,250400,pedestrian/bicycle,1031.203,992.695,6.175,0.674
P8,2505,250500,pedestrian/bicycle,1031.821,992.762,6.189,0.671
P8,2506,250600,pedestrian/bicycle,1032.441,992.829,6.209,0.671
P8,2507,250700,pedestrian/bicycle,1033.063,992.896,6.231,0.677
P8,2508,250800,pedestrian/bicycle,1033.687,992.965,6.257,0.69
P8,2509,250900,pedestrian/bicycle,1034.315,993.035,6.287,0.71
P8,2510,251000,pedestrian/bicycle,1034.945,993.107,6.321,0.739
P8,2511,251100,pedestrian/bicycle,1035.579,993.183,6.357,0.777
P8,2512,251200,pedestrian/bicycle,1036.216,993.263,6.392,0.823
P8,2513,251300,pedestrian/bicycle,1036.857,993.348,6.421,0.875
P8,2514,251400,pedestrian/bicycle,1037.5,993.438,6.439,0.927
P8,2515,251500,pedestrian/bicycle,1038.144,993.533,6.44,0.974
P8,2516,251600,pedestrian/bicycle,1038.787,993.632,6.416,1.01
P8,2517,251700,pedestrian/bicycle,1039.426,993.735,6.361,1.034
P8,2518,251800,pedestrian/bicycle,1040.057,993.838,6.273,1.041
P8,2519,251900,pedestrian/bicycle,1040.679,993.942,6.157,1.032
P8,2520,252000,pedestrian/bicycle,1041.287,994.044,6.01,1.01
P8,2521,252100,pedestrian/bicycle,1041.879,994.144,5.83,0.979
P8,2522,252200,pedestrian/bicycle,1042.451,994.24,5.614,0.942
P8,2523,252300,pedestrian/bicycle,1043,994.332,5.366,0.9
P8,2524,252400,pedestrian/bicycle,1043.523,994.42,5.094,0.856
P8,2525,252500,pedestrian/bicycle,1044.019,994.503,4.815,0.811
P8,2526,252600,pedestrian/bicycle,1044.487,994.582,4.559,0.769
P8,2527,252700,pedestrian/bicycle,1044.934,994.657,4.366,0.737
P8,2528,252800,pedestrian/bicycle,1045.365,994.73,4.259,0.719
P8,2529,252900,pedestrian/bicycle,1045.789,994.801,4.228,0.714
P2,27,2700,pedestrian/bicycle,1046.042,995.539,-2.847,-0.959
P2,28,2800,pedestrian/bicycle,1045.751,995.442,-2.975,-0.98
P2,29,2900,pedestrian/bicycle,1045.447,995.343,-3.104,-1.012
P2,30,3000,pedestrian/bicycle,1045.131,995.239,-3.209,-1.056
P2,31,3100,pedestrian/bicycle,1044.807,995.131,-3.271,-1.114
P2,32,3200,pedestrian/bicycle,1044.48,995.016,-3.278,-1.194
P2,33,3300,pedestrian/bicycle,1044.156,994.891,-3.192,-1.291
P2,34,3400,pedestrian/bicycle,1043.846,994.757,-3.017,-1.405
P2,35,3500,pedestrian/bicycle,1043.555,994.609,-2.802,-1.54
P2,36,3600,pedestrian/bicycle,1043.286,994.448,-2.572,-1.686
P2,37,3700,pedestrian/bicycle,1043.04,994.272,-2.351,-1.842
P2,38,3800,pedestrian/bicycle,1042.814,994.079,-2.17,-2.017
P2,39,3900,pedestrian/bicycle,1042.604,993.868,-2.04,-2.201
P2,40,4000,pedestrian/bicycle,1042.404,993.639,-1.957,-2.379
P2,41,4100,pedestrian/bicycle,1042.21,993.394,-1.908,-2.525
P2,42,4200,pedestrian/bicycle,1042.022,993.138,-1.862,-2.592
P2,43,4300,pedestrian/bicycle,1041.838,992.879,-1.811,-2.58
P2,44,4400,pedestrian/bicycle,1041.66,992.624,-1.762,-2.529
P2,45,4500,pedestrian/bicycle,1041.486,992.374,-1.712,-2.46
P2,46,4600,pedestrian/bicycle,1041.317,992.131,-1.665,-2.394
P2,47,4700,pedestrian/bicycle,1041.152,991.894,-1.636,-2.353
P2,48,4800,pedestrian/bicycle,1040.989,991.659,-1.627,-2.34
P3,54,5400,pedestrian/bicycle,1045.334,994.42,-2.132,0.06
P3,55,5500,pedestrian/bicycle,1045.125,994.424,-2.034,0.025
P3,56,5600,pedestrian/bicycle,1044.927,994.425,-1.934,-0.008
P3,57,5700,pedestrian/bicycle,1044.738,994.423,-1.839,-0.041
P3,58,5800,pedestrian/bicycle,1044.559,994.417,-1.755,-0.07
P3,59,5900,pedestrian/bicycle,1044.386,994.409,-1.689,-0.096
P3,60,6000,pedestrian/bicycle,1044.22,994.398,-1.639,-0.118
P3,61,6100,pedestrian/bicycle,1044.058,994.385,-1.603,-0.138
P3,62,6200,pedestrian/bicycle,1043.899,994.371,-1.579,-0.155
P3,63,6300,pedestrian/bicycle,1043.742,994.354,-1.563,-0.171
P3,64,6400,pedestrian/bicycle,1043.586,994.336,-1.55,-0.191
P3,65,6500,pedestrian/bicycle,1043.432,994.316,-1.536,-0.216
P3,66,6600,pedestrian/bicycle,1043.279,994.293,-1.514,-0.248
P3,67,6700,pedestrian/bicycle,1043.129,994.266,-1.483,-0.287
P3,68,6800,pedestrian/bicycle,1042.983,994.235,-1.446,-0.325
P3,69,6900,pedestrian/bicycle,1042.84,994.201,-1.404,-0.356
P3,70,7000,pedestrian/bicycle,1042.703,994.165,-1.347,-0.369
P3,71,7100,pedestrian/bicycle,1042.572,994.128,-1.27,-0.362
P3,72,7200,pedestrian/bicycle,1042.45,994.093,-1.178,-0.341
P3,73,7300,pedestrian/bicycle,1042.337,994.061,-1.07,-0.31
P3,74,7400,pedestrian/bicycle,1042.236,994.031,-0.95,-0.276
P3,75,7500,pedestrian/bicycle,1042.148,994.005,-0.823,-0.242
P3,76,7600,pedestrian/bicycle,1042.072,993.983,-0.697,-0.209
P3,77,7700,pedestrian/bicycle,1042.008,993.963,-0.577,-0.179
P3,78,7800,pedestrian/bicycle,1041.955,993.947,-0.471,-0.148
P3,79,7900,pedestrian/bicycle,1041.913,993.934,-0.38,-0.117
P3,80,8000,pedestrian/bicycle,1041.878,993.924,-0.31,-0.088
P3,81,8100,pedestrian/bicycle,1041.849,993.916,-0.267,-0.06
P3,82,8200,pedestrian/bicycle,1041.823,993.912,-0.255,-0.033
P3,83,8300,pedestrian/bicycle,1041.797,993.91,-0.275,-0.006
P3,84,8400,pedestrian/bicycle,1041.767,993.91,-0.327,0.02
P3,85,8500,pedestrian/bicycle,1041.73,993.914,-0.408,0.049
P3,86,8600,pedestrian/bicycle,1041.684,993.92,-0.508,0.072
P3,87,8700,pedestrian/bicycle,1041.628,993.928,-0.616,0.084
P3,88,8800,pedestrian/bicycle,1041.56,993.936,-0.734,0.084
P3,89,8900,pedestrian/bicycle,1041.481,993.944,-0.858,0.07
P3,90,9000,pedestrian/bicycle,1041.389,993.949,-0.983,0.043
P3,91,9100,pedestrian/bicycle,1041.284,993.952,-1.108,0.005
P3,92,9200,pedestrian/bicycle,1041.167,993.95,-1.229,-0.041
P3,93,9300,pedestrian/bicycle,1041.039,993.944,-1.344,-0.088
P3,94,9400,pedestrian/bicycle,1040.899,993.933,-1.447,-0.133
P3,95,9500,pedestrian/bicycle,1040.75,993.917,-1.531,-0.174
P3,96,9600,pedestrian/bicycle,1040.594,993.898,-1.594,-0.21
P3,97,9700,pedestrian/bicycle,1040.432,993.875,-1.643,-0.239
P3,98,9800,pedestrian/bicycle,1040.265,993.85,-1.688,-0.262
P3,99,9900,pedestrian/bicycle,1040.094,993.823,-1.734,-0.281
P3,100,10000,pedestrian/bicycle,1039.919,993.794,-1.776,-0.295
P3,101,10100,pedestrian/bicycle,1039.74,993.764,-1.81,-0.303
P3,102,10200,pedestrian/bicycle,1039.557,993.734,-1.84,-0.308
P3,103,10300,pedestrian/bicycle,1039.372,993.703,-1.87,-0.311
P3,104,10400,pedestrian/bicycle,1039.183,993.672,-1.893,-0.315
P3,105,10500,pedestrian/bicycle,1038.993,993.64,-1.908,-0.315
P3,106,10600,pedestrian/bicycle,1038.802,993.609,-1.919,-0.31
P3,107,10700,pedestrian/bicycle,1038.61,993.578,-1.93,-0.302
P3,108,10800,pedestrian/bicycle,1038.416,993.548,-1.941,-0.295
P3,109,10900,pedestrian/bicycle,1038.221,993.519,-1.952,-0.29
P3,110,11000,pedestrian/bicycle,1038.026,993.49,-1.962,-0.287
P3,111,11100,pedestrian/bicycle,1037.828,993.462,-1.983,-0.287
P3,112,11200,pedestrian/bicycle,1037.629,993.433,-2.015,-0.293
P3,113,11300,pedestrian/bicycle,1037.425,993.403,-2.049,-0.303
P3,114,11400,pedestrian/bicycle,1037.22,993.372,-2.059,-0.314
P3,115,11500,pedestrian/bicycle,1037.015,993.34,-2.034,-0.322
P3,116,11600,pedestrian/bicycle,1036.814,993.308,-1.994,-0.326
P3,117,11700,pedestrian/bicycle,1036.617,993.275,-1.949,-0.323
P3,118,11800,pedestrian/bicycle,1036.424,993.244,-1.9,-0.311
P3,119,11900,pedestrian/bicycle,1036.237,993.214,-1.853,-0.289
P3,120,12000,pedestrian/bicycle,1036.053,993.186,-1.816,-0.259
P3,121,12100,pedestrian/bicycle,1035.873,993.162,-1.794,-0.227
P3,122,12200,pedestrian/bicycle,1035.694,993.141,-1.788,-0.195
P3,123,12300,pedestrian/bicycle,1035.514,993.123,-1.798,-0.167
P3,124,12400,pedestrian/bicycle,1035.334,993.107,-1.816,-0.143
P3,125,12500,pedestrian/bicycle,1035.151,993.094,-1.84,-0.123
P3,126,12600,pedestrian/bicycle,1034.965,993.082,-1.875,-0.108
P3,127,12700,pedestrian/bicycle,1034.775,993.072,-1.916,-0.097
P3,128,12800,pedestrian/bicycle,1034.582,993.063,-1.948,-0.088
P3,129,12900,pedestrian/bicycle,1034.387,993.054,-1.959,-0.081
P3,130,13000,pedestrian/bicycle,1034.191,993.047,-1.958,-0.075
P3,131,13100,pedestrian/bicycle,1033.996,993.039,-1.947,-0.068
P3,132,13200,pedestrian/bicycle,1033.802,993.033,-1.93,-0.06
P3,133,13300,pedestrian/bicycle,1033.61,993.027,-1.911,-0.051
P3,134,13400,pedestrian/bicycle,1033.42,993.023,-1.896,-0.041
P3,135,13500,pedestrian/bicycle,1033.23,993.019,-1.895,-0.034
P3,136,13600,pedestrian/bicycle,1033.04,993.016,-1.911,-0.029
P3,137,13700,pedestrian/bicycle,1032.848,993.013,-1.936,-0.026
P3,138,13800,pedestrian/bicycle,1032.653,993.011,-1.948,-0.024
P3,139,13900,pedestrian/bicycle,1032.459,993.008,-1.943,-0.025
P3,140,14000,pedestrian/bicycle,1032.265,993.005,-1.934,-0.029
P3,141,14100,pedestrian/bicycle,1032.072,993.002,-1.927,-0.037
P3,142,14200,pedestrian/bicycle,1031.88,992.998,-1.917,-0.045
P3,143,14300,pedestrian/bicycle,1031.688,992.993,-1.906,-0.051
P3,144,14400,pedestrian/bicycle,1031.498,992.988,-1.907,-0.055
P3,145,14500,pedestrian/bicycle,1031.307,992.982,-1.917,-0.06
P3,146,14600,pedestrian/bicycle,1031.115,992.976,-1.92,-0.069
P3,147,14700,pedestrian/bicycle,1030.923,992.968,-1.912,-0.082
P3,148,14800,pedestrian/bicycle,1030.732,992.959,-1.906,-0.097
P3,149,14900,pedestrian/bicycle,1030.542,992.949,-1.905,-0.113
P3,150,15000,pedestrian/bicycle,1030.351,992.937,-1.908,-0.128
P3,151,15100,pedestrian/bicycle,1030.16,992.923,-1.91,-0.139
P3,152,15200,pedestrian/bicycle,1029.969,992.909,-1.909,-0.146
P3,153,15300,pedestrian/bicycle,1029.778,992.894,-1.907,-0.152
P3,154,15400,pedestrian/bicycle,1029.588,992.879,-1.901,-0.156
P3,155,15500,pedestrian/bicycle,1029.398,992.863,-1.891,-0.16
P3,156,15600,pedestrian/bicycle,1029.21,992.847,-1.88,-0.164
P3,157,15700,pedestrian/bicycle,1029.022,992.83,-1.874,-0.167
P3,158,15800,pedestrian/bicycle,1028.835,992.814,-1.873,-0.167
P3,159,15900,pedestrian/bicycle,1028.647,992.797,-1.874,-0.166
P3,160,16000,pedestrian/bicycle,1028.46,992.78,-1.875,-0.163
P3,161,16100,pedestrian/bicycle,1028.272,992.764,-1.875,-0.159
P3,162,16200,pedestrian/bicycle,1028.085,992.749,-1.875,-0.157
P3,163,16300,pedestrian/bicycle,1027.897,992.733,-1.874,-0.157
P3,164,16400,pedestrian/bicycle,1027.711,992.717,-1.862,-0.158
P3,165,16500,pedestrian/bicycle,1027.526,992.701,-1.837,-0.159
P3,166,16600,pedestrian/bicycle,1027.343,992.686,-1.81,-0.158
P3,167,16700,pedestrian/bicycle,1027.163,992.67,-1.793,-0.153
P3,168,16800,pedestrian/bicycle,1026.984,992.655,-1.79,-0.146
P3,169,16900,pedestrian/bicycle,1026.804,992.641,-1.803,-0.14
P3,170,17000,pedestrian/bicycle,1026.622,992.627,-1.837,-0.136
P3,171,17100,pedestrian/bicycle,1026.436,992.614,-1.882,-0.134
P3,172,17200,pedestrian/bicycle,1026.246,992.6,-1.929,-0.132
P3,173,17300,pedestrian/bicycle,1026.051,992.587,-1.966,-0.128
P3,174,17400,pedestrian/bicycle,1025.853,992.575,-1.991,-0.125
P3,175,17500,pedestrian/bicycle,1025.653,992.562,-2.014,-0.122
P3,176,17600,pedestrian/bicycle,1025.45,992.55,-2.038,-0.117
P3,177,17700,pedestrian/bicycle,1025.246,992.539,-2.049,-0.108
P3,178,17800,pedestrian/bicycle,1025.041,992.529,-2.04,-0.093
P3,179,17900,pedestrian/bicycle,1024.839,992.52,-2.017,-0.078
P3,180,18000,pedestrian/bicycle,1024.638,992.513,-1.987,-0.066
P3,181,18100,pedestrian/bicycle,1024.442,992.507,-1.947,-0.059
P3,182,18200,pedestrian/bicycle,1024.25,992.501,-1.889,-0.059
P3,183,18300,pedestrian/bicycle,1024.064,992.495,-1.824,-0.066
P3,184,18400,pedestrian/bicycle,1023.885,992.488,-1.762,-0.077
P3,185,18500,pedestrian/bicycle,1023.711,992.479,-1.709,-0.092
P3,186,18600,pedestrian/bicycle,1023.543,992.469,-1.669,-0.112
P3,187,18700,pedestrian/bicycle,1023.376,992.457,-1.652,-0.133
P3,188,18800,pedestrian/bicycle,1023.211,992.443,-1.667,-0.155
P3,189,18900,pedestrian/bicycle,1023.042,992.426,-1.713,-0.179
P3,190,19000,pedestrian/bicycle,1022.867,992.407,-1.775,-0.204
P3,191,19100,pedestrian/bicycle,1022.687,992.385,-1.824,-0.23
P3,192,19200,pedestrian/bicycle,1022.504,992.361,-1.839,-0.253
P3,193,19300,pedestrian/bicycle,1022.321,992.335,-1.822,-0.27
P3,194,19400,pedestrian/bicycle,1022.141,992.307,-1.785,-0.281
P3,195,19500,pedestrian/bicycle,1021.965,992.279,-1.736,-0.285
P3,196,19600,pedestrian/bicycle,1021.794,992.251,-1.679,-0.279
P3,197,19700,pedestrian/bicycle,1021.629,992.223,-1.618,-0.265
P3,198,19800,pedestrian/bicycle,1021.47,992.198,-1.561,-0.246
P3,199,19900,pedestrian/bicycle,1021.316,992.174,-1.513,-0.225
P3,200,20000,pedestrian/bicycle,1021.167,992.153,-1.474,-0.2
P3,201,20100,pedestrian/bicycle,1021.021,992.134,-1.439,-0.174
P3,202,20200,pedestrian/bicycle,1020.879,992.118,-1.409,-0.15
P3,203,20300,pedestrian/bicycle,1020.739,992.104,-1.394,-0.126
P3,204,20400,pedestrian/bicycle,1020.599,992.093,-1.395,-0.101
P3,205,20500,pedestrian/bicycle,1020.459,992.084,-1.412,-0.077
P3,206,20600,pedestrian/bicycle,1020.316,992.077,-1.44,-0.054
P3,207,20700,pedestrian/bicycle,1020.171,992.073,-1.478,-0.033
P3,208,20800,pedestrian/bicycle,1020.02,992.071,-1.524,-0.014
P3,209,20900,pedestrian/bicycle,1019.865,992.07,-1.577,0.001
P3,210,21000,pedestrian/bicycle,1019.705,992.071,-1.635,0.012
P3,211,21100,pedestrian/bicycle,1019.539,992.072,-1.683,0.017
P3,212,21200,pedestrian/bicycle,1019.369,992.074,-1.715,0.014
P3,213,21300,pedestrian/bicycle,1019.196,992.075,-1.739,0.005
P3,214,21400,pedestrian/bicycle,1019.021,992.075,-1.761,-0.007
P3,215,21500,pedestrian/bicycle,1018.844,992.073,-1.776,-0.021
P3,216,21600,pedestrian/bicycle,1018.667,992.07,-1.781,-0.036
P3,217,21700,pedestrian/bicycle,1018.488,992.066,-1.783,-0.054
P3,218,21800,pedestrian/bicycle,1018.31,992.059,-1.784,-0.075
P3,219,21900,pedestrian/bicycle,1018.132,992.051,-1.782,-0.096
P3,220,22000,pedestrian/bicycle,1017.954,992.04,-1.778,-0.117
P3,221,22100,pedestrian/bicycle,1017.776,992.027,-1.778,-0.137
P3,222,22200,pedestrian/bicycle,1017.597,992.013,-1.794,-0.157
P3,223,22300,pedestrian/bicycle,1017.416,991.996,-1.831,-0.178
P3,224,22400,pedestrian/bicycle,1017.231,991.977,-1.881,-0.197
P3,225,22500,pedestrian/bicycle,1017.04,991.957,-1.921,-0.211
P3,226,22600,pedestrian/bicycle,1016.847,991.935,-1.942,-0.22
P3,227,22700,pedestrian/bicycle,1016.653,991.913,-1.953,-0.225
P3,228,22800,pedestrian/bicycle,1016.457,991.89,-1.956,-0.226
P3,229,22900,pedestrian/bicycle,1016.262,991.868,-1.954,-0.222
P3,230,23000,pedestrian/bicycle,1016.067,991.846,-1.948,-0.212
P3,231,23100,pedestrian/bicycle,1015.872,991.826,-1.938,-0.201
P3,232,23200,pedestrian/bicycle,1015.679,991.806,-1.923,-0.196
P3,233,23300,pedestrian/bicycle,1015.488,991.786,-1.902,-0.199
P3,234,23400,pedestrian/bicycle,1015.299,991.766,-1.878,-0.205
P3,235,23500,pedestrian/bicycle,1015.113,991.745,-1.851,-0.21
P3,236,23600,pedestrian/bicycle,1014.929,991.724,-1.827,-0.208
P3,237,23700,pedestrian/bicycle,1014.747,991.704,-1.808,-0.195
P3,238,23800,pedestrian/bicycle,1014.567,991.686,-1.799,-0.177
P3,239,23900,pedestrian/bicycle,1014.387,991.669,-1.801,-0.162
P3,240,24000,pedestrian/bicycle,1014.206,991.653,-1.81,-0.154
P3,241,24100,pedestrian/bicycle,1014.024,991.637,-1.819,-0.155
P3,242,24200,pedestrian/bicycle,1013.842,991.622,-1.822,-0.161
P3,243,24300,pedestrian/bicycle,1013.66,991.605,-1.824,-0.173
P3,244,24400,pedestrian/bicycle,1013.477,991.587,-1.833,-0.188
P3,245,24500,pedestrian/bicycle,1013.293,991.567,-1.855,-0.206
P3,246,24600,pedestrian/bicycle,1013.106,991.546,-1.882,-0.225
P3,247,24700,pedestrian/bicycle,1012.917,991.522,-1.895,-0.24
P3,248,24800,pedestrian/bicycle,1012.728,991.498,-1.882,-0.248
P3,249,24900,pedestrian/bicycle,1012.541,991.473,-1.858,-0.253
P3,250,25000,pedestrian/bicycle,1012.357,991.447,-1.828,-0.257
P3,251,25100,pedestrian/bicycle,1012.176,991.421,-1.796,-0.261
P3,252,25200,pedestrian/bicycle,1011.998,991.395,-1.76,-0.265
P3,253,25300,pedestrian/bicycle,1011.824,991.368,-1.722,-0.271
P3,254,25400,pedestrian/bicycle,1011.653,991.341,-1.697,-0.279
P3,255,25500,pedestrian/bicycle,1011.484,991.312,-1.691,-0.292
P3,256,25600,pedestrian/bicycle,1011.314,991.282,-1.7,-0.306
P3,257,25700,pedestrian/bicycle,1011.144,991.251,-1.709,-0.318
P3,258,25800,pedestrian/bicycle,1010.973,991.219,-1.709,-0.328
P3,259,25900,pedestrian/bicycle,1010.802,991.186,-1.712,-0.338
P3,260,26000,pedestrian/bicycle,1010.63,991.151,-1.725,-0.352
P3,261,26100,pedestrian/bicycle,1010.456,991.115,-1.749,-0.373
P3,262,26200,pedestrian/bicycle,1010.279,991.076,-1.788,-0.403
P3,263,26300,pedestrian/bicycle,1010.097,991.034,-1.851,-0.44
P3,264,26400,pedestrian/bicycle,1009.908,990.988,-1.937,-0.48
P3,265,26500,pedestrian/bicycle,1009.709,990.938,-2.03,-0.517
P3,266,26600,pedestrian/bicycle,1009.503,990.885,-2.099,-0.538
P3,267,26700,pedestrian/bicycle,1009.292,990.831,-2.132,-0.542
P3,268,26800,pedestrian/bicycle,1009.078,990.777,-2.137,-0.539
P3,269,26900,pedestrian/bicycle,1008.865,990.724,-2.122,-0.536
P3,270,27000,pedestrian/bicycle,1008.655,990.67,-2.087,-0.534
P3,271,27100,pedestrian/bicycle,1008.449,990.617,-2.033,-0.533
P3,272,27200,pedestrian/bicycle,1008.249,990.563,-1.968,-0.539
P3,273,27300,pedestrian/bicycle,1008.055,990.509,-1.899,-0.552
P3,274,27400,pedestrian/bicycle,1007.869,990.452,-1.829,-0.575
P3,275,27500,pedestrian/bicycle,1007.689,990.393,-1.758,-0.605
P3,276,27600,pedestrian/bicycle,1007.517,990.331,-1.691,-0.644
P3,277,27700,pedestrian/bicycle,1007.351,990.264,-1.628,-0.69
P3,278,27800,pedestrian/bicycle,1007.191,990.193,-1.572,-0.74
P3,279,27900,pedestrian/bicycle,1007.036,990.116,-1.525,-0.788
P3,280,28000,pedestrian/bicycle,1006.885,990.035,-1.491,-0.829
P3,281,28100,pedestrian/bicycle,1006.737,989.951,-1.477,-0.866
P3,282,28200,pedestrian/bicycle,1006.589,989.862,-1.489,-0.905
P3,283,28300,pedestrian/bicycle,1006.438,989.77,-1.521,-0.943
P3,284,28400,pedestrian/bicycle,1006.284,989.674,-1.56,-0.974
P3,285,28500,pedestrian/bicycle,1006.126,989.575,-1.597,-0.996
P3,286,28600,pedestrian/bicycle,1005.965,989.475,-1.632,-1.015
P3,287,28700,pedestrian/bicycle,1005.8,989.372,-1.665,-1.034
P3,288,28800,pedestrian/bicycle,1005.632,989.268,-1.692,-1.055
P3,289,28900,pedestrian/bicycle,1005.462,989.161,-1.716,-1.078
P3,290,29000,pedestrian/bicycle,1005.288,989.052,-1.745,-1.101
P3,291,29100,pedestrian/bicycle,1005.112,988.941,-1.782,-1.125
P3,292,29200,pedestrian/bicycle,1004.932,988.827,-1.827,-1.149
P3,293,29300,pedestrian/bicycle,1004.746,988.711,-1.879,-1.173
P3,294,29400,pedestrian/bicycle,1004.556,988.593,-1.935,-1.192
P3,295,29500,pedestrian/bicycle,1004.36,988.473,-1.984,-1.204
P3,296,29600,pedestrian/bicycle,1004.16,988.353,-2.008,-1.205
P3,297,29700,pedestrian/bicycle,1003.96,988.233,-1.997,-1.192
P3,298,29800,pedestrian/bicycle,1003.762,988.115,-1.958,-1.166
P3,299,29900,pedestrian/bicycle,1003.57,988,-1.895,-1.128
P3,300,30000,pedestrian/bicycle,1003.384,987.89,-1.815,-1.083
P3,301,30100,pedestrian/bicycle,1003.207,987.784,-1.719,-1.032
P3,302,30200,pedestrian/bicycle,1003.041,987.683,-1.617,-0.98
P3,303,30300,pedestrian/bicycle,1002.884,987.588,-1.517,-0.931
P3,304,30400,pedestrian/bicycle,1002.737,987.497,-1.43,-0.886
P3,305,30500,pedestrian/bicycle,1002.597,987.41,-1.365,-0.852
P3,306,30600,pedestrian/bicycle,1002.462,987.326,-1.33,-0.832
P3,307,30700,pedestrian/bicycle,1002.33,987.243,-1.32,-0.827
P4,1612,161200,pedestrian/bicycle,1045.468,995.978,-3.226,-0.828
P4,1613,161300,pedestrian/bicycle,1045.154,995.893,-3.053,-0.875
P4,1614,161400,pedestrian/bicycle,1044.858,995.803,-2.866,-0.93
P4,1615,161500,pedestrian/bicycle,1044.582,995.707,-2.652,-0.994
P4,1616,161600,pedestrian/bicycle,1044.329,995.604,-2.407,-1.07
P4,1617,161700,pedestrian/bicycle,1044.102,995.492,-2.139,-1.162
P4,1618,161800,pedestrian/bicycle,1043.902,995.37,-1.856,-1.271
P4,1619,161900,pedestrian/bicycle,1043.731,995.237,-1.578,-1.393
P4,1620,162000,pedestrian/bicycle,1043.585,995.092,-1.336,-1.517
P4,1621,162100,pedestrian/bicycle,1043.46,994.934,-1.159,-1.635
P4,1622,162200,pedestrian/bicycle,1043.348,994.766,-1.094,-1.733
P4,1623,162300,pedestrian/bicycle,1043.235,994.589,-1.148,-1.806
P4,1624,162400,pedestrian/bicycle,1043.114,994.405,-1.272,-1.862
P4,1625,162500,pedestrian/bicycle,1042.98,994.216,-1.422,-1.913
P4,1626,162600,pedestrian/bicycle,1042.83,994.023,-1.575,-1.963
P4,1627,162700,pedestrian/bicycle,1042.665,993.824,-1.719,-2.018
P4,1628,162800,pedestrian/bicycle,1042.487,993.619,-1.853,-2.081
P4,1629,162900,pedestrian/bicycle,1042.295,993.407,-1.984,-2.16
P4,1630,163000,pedestrian/bicycle,1042.09,993.186,-2.104,-2.253
P4,1631,163100,pedestrian/bicycle,1041.875,992.956,-2.195,-2.344
P4,1632,163200,pedestrian/bicycle,1041.655,992.719,-2.217,-2.397
P4,1633,163300,pedestrian/bicycle,1041.436,992.479,-2.165,-2.398
P4,1634,163400,pedestrian/bicycle,1041.224,992.241,-2.071,-2.359
P4,1635,163500,pedestrian/bicycle,1041.022,992.009,-1.963,-2.291
P4,1636,163600,pedestrian/bicycle,1040.831,991.784,-1.861,-2.212
P4,1637,163700,pedestrian/bicycle,1040.648,991.566,-1.784,-2.143
P4,1638,163800,pedestrian/bicycle,1040.472,991.354,-1.741,-2.102
P4,1639,163900,pedestrian/bicycle,1040.299,991.144,-1.728,-2.089
P7,2449,244900,pedestrian/bicycle,1044.2,993.778,-0.44,1.417
P7,2450,245000,pedestrian/bicycle,1044.157,993.919,-0.42,1.409
P7,2451,245100,pedestrian/bicycle,1044.115,994.06,-0.403,1.401
P7,2452,245200,pedestrian/bicycle,1044.076,994.2,-0.391,1.394
P7,2453,245300,pedestrian/bicycle,1044.037,994.339,-0.386,1.385
P7,2454,245400,pedestrian/bicycle,1043.998,994.477,-0.388,1.377
P7,2455,245500,pedestrian/bicycle,1043.959,994.614,-0.397,1.37
P7,2456,245600,pedestrian/bicycle,1043.919,994.75,-0.409,1.36
P7,2457,245700,pedestrian/bicycle,1043.877,994.886,-0.42,1.348
P7,2458,245800,pedestrian/bicycle,1043.835,995.02,-0.425,1.331
P7,2459,245900,pedestrian/bicycle,1043.793,995.152,-0.422,1.31
P7,2460,246000,pedestrian/bicycle,1043.751,995.281,-0.412,1.284
P7,2461,246100,pedestrian/bicycle,1043.71,995.409,-0.4,1.258
P7,2462,246200,pedestrian/bicycle,1043.671,995.533,-0.39,1.236
P7,2463,246300,pedestrian/bicycle,1043.632,995.656,-0.386,1.216
P7,2464,246400,pedestrian/bicycle,1043.593,995.776,-0.389,1.196
P7,2465,246500,pedestrian/bicycle,1043.554,995.895,-0.402,1.175
P7,2466,246600,pedestrian/bicycle,1043.513,996.012,-0.42,1.16
P7,2467,246700,pedestrian/bicycle,1043.469,996.127,-0.443,1.148
P7,2468,246800,pedestrian/bicycle,1043.424,996.242,-0.468,1.141
P7,2469,246900,pedestrian/bicycle,1043.376,996.356,-0.495,1.144
P7,2470,247000,pedestrian/bicycle,1043.325,996.471,-0.525,1.164
P7,2471,247100,pedestrian/bicycle,1043.271,996.59,-0.558,1.202
P7,2472,247200,pedestrian/bicycle,1043.213,996.712,-0.593,1.253
P7,2473,247300,pedestrian/bicycle,1043.152,996.84,-0.622,1.302
P7,2474,247400,pedestrian/bicycle,1043.089,996.972,-0.641,1.343
P7,2475,247500,pedestrian/bicycle,1043.024,997.108,-0.657,1.378
P7,2476,247600,pedestrian/bicycle,1042.958,997.248,-0.67,1.414
P7,2477,247700,pedestrian/bicycle,1042.89,997.391,-0.679,1.454
P7,2478,247800,pedestrian/bicycle,1042.822,997.539,-0.682,1.499
P7,2479,247900,pedestrian/bicycle,1042.755,997.691,-0.673,1.544
P7,2480,248000,pedestrian/bicycle,1042.689,997.848,-0.645,1.584
P7,2481,248100,pedestrian/bicycle,1042.627,998.007,-0.599,1.616
P7,2482,248200,pedestrian/bicycle,1042.569,998.171,-0.544,1.645
P7,2483,248300,pedestrian/bicycle,1042.518,998.336,-0.493,1.674
P7,2484,248400,pedestrian/bicycle,1042.47,998.505,-0.45,1.697
P7,2485,248500,pedestrian/bicycle,1042.427,998.675,-0.414,1.711
P7,2486,248600,pedestrian/bicycle,1042.387,998.847,-0.384,1.714
P7,2487,248700,pedestrian/bicycle,1042.35,999.018,-0.36,1.713
P7,2488,248800,pedestrian/bicycle,1042.315,999.189,-0.34,1.714
P7,2489,248900,pedestrian/bicycle,1042.282,999.361,-0.322,1.718
P7,2490,249000,pedestrian/bicycle,1042.251,999.533,-0.302,1.719
P7,2491,249100,pedestrian/bicycle,1042.222,999.705,-0.283,1.715
P7,2492,249200,pedestrian/bicycle,1042.194,999.876,-0.267,1.705
P7,2493,249300,pedestrian/bicycle,1042.168,1000.045,-0.253,1.692
P7,2494,249400,pedestrian/bicycle,1042.143,1000.214,-0.244,1.672
P7,2495,249500,pedestrian/bicycle,1042.119,1000.379,-0.241,1.641
P7,2496,249600,pedestrian/bicycle,1042.095,1000.542,-0.243,1.606
P7,2497,249700,pedestrian/bicycle,1042.07,1000.701,-0.245,1.576
P7,2498,249800,pedestrian/bicycle,1042.046,1000.857,-0.243,1.556
P7,2499,249900,pedestrian/bicycle,1042.022,1001.012,-0.236,1.543
P7,2500,250000,pedestrian/bicycle,1041.999,1001.166,-0.223,1.534
P7,2501,250100,pedestrian/bicycle,1041.978,1001.319,-0.206,1.531
P7,2502,250200,pedestrian/bicycle,1041.958,1001.473,-0.188,1.537
P7,2503,250300,pedestrian/bicycle,1041.94,1001.627,-0.172,1.55
P7,2504,250400,pedestrian/bicycle,1041.923,1001.783,-0.161,1.567
P7,2505,250500,pedestrian/bicycle,1041.907,1001.941,-0.154,1.587
P7,2506,250600,pedestrian/bicycle,1041.892,1002.101,-0.149,1.61
P7,2507,250700,pedestrian/bicycle,1041.878,1002.263,-0.145,1.636
P7,2508,250800,pedestrian/bicycle,1041.863,1002.428,-0.141,1.659
P7,2509,250900,pedestrian/bicycle,1041.849,1002.594,-0.136,1.675
P7,2510,251000,pedestrian/bicycle,1041.836,1002.762,-0.128,1.681
P7,2511,251100,pedestrian/bicycle,1041.824,1002.93,-0.117,1.681
P7,2512,251200,pedestrian/bicycle,1041.813,1003.098,-0.104,1.679
P7,2513,251300,pedestrian/bicycle,1041.803,1003.266,-0.091,1.674
P7,2514,251400,pedestrian/bicycle,1041.795,1003.433,-0.078,1.665
P7,2515,251500,pedestrian/bicycle,1041.787,1003.599,-0.065,1.651
P7,2516,251600,pedestrian/bicycle,1041.782,1003.763,-0.052,1.636
P7,2517,251700,pedestrian/bicycle,1041.777,1003.926,-0.036,1.622
P7,2518,251800,pedestrian/bicycle,1041.774,1004.088,-0.018,1.609
P7,2519,251900,pedestrian/bicycle,1041.774,1004.248,0.005,1.595
P7,2520,252000,pedestrian/bicycle,1041.776,1004.406,0.031,1.578
P7,2521,252100,pedestrian/bicycle,1041.78,1004.563,0.062,1.558
P7,2522,252200,pedestrian/bicycle,1041.788,1004.718,0.095,1.539
P7,2523,252300,pedestrian/bicycle,1041.799,1004.871,0.133,1.523
P7,2524,252400,pedestrian/bicycle,1041.815,1005.023,0.175,1.508
P7,2525,252500,pedestrian/bicycle,1041.835,1005.173,0.223,1.492
P7,2526,252600,pedestrian/bicycle,1041.86,1005.321,0.275,1.48
P7,2527,252700,pedestrian/bicycle,1041.89,1005.469,0.326,1.473
P7,2528,252800,pedestrian/bicycle,1041.925,1005.616,0.373,1.474
P7,2529,252900,pedestrian/bicycle,1041.964,1005.764,0.413,1.48
P7,2530,253000,pedestrian/bicycle,1042.007,1005.912,0.446,1.488
P7,2531,253100,pedestrian/bicycle,1042.053,1006.062,0.47,1.5
P7,2532,253200,pedestrian/bicycle,1042.101,1006.213,0.486,1.515
P7,2533,253300,pedestrian/bicycle,1042.15,1006.365,0.498,1.53
P7,2534,253400,pedestrian/bicycle,1042.2,1006.518,0.513,1.542
P7,2535,253500,pedestrian/bicycle,1042.253,1006.673,0.533,1.546
P7,2536,253600,pedestrian/bicycle,1042.307,1006.827,0.555,1.545
P7,2537,253700,pedestrian/bicycle,1042.363,1006.982,0.572,1.546
P7,2538,253800,pedestrian/bicycle,1042.421,1007.137,0.581,1.547
P7,2539,253900,pedestrian/bicycle,1042.479,1007.291,0.583,1.543
P7,2540,254000,pedestrian/bicycle,1042.537,1007.445,0.582,1.53
P7,2541,254100,pedestrian/bicycle,1042.596,1007.597,0.579,1.511
P7,2542,254200,pedestrian/bicycle,1042.653,1007.747,0.575,1.491
P7,2543,254300,pedestrian/bicycle,1042.711,1007.895,0.571,1.475
P7,2544,254400,pedestrian/bicycle,1042.768,1008.042,0.57,1.466
P7,2545,254500,pedestrian/bicycle,1042.824,1008.188,0.568,1.459
P7,2546,254600,pedestrian/bicycle,1042.881,1008.334,0.566,1.456
P7,2547,254700,pedestrian/bicycle,1042.938,1008.48,0.565,1.457
P7,2548,254800,pedestrian/bicycle,1042.994,1008.626,0.563,1.461
P7,2549,254900,pedestrian/bicycle,1043.05,1008.772,0.556,1.465
P7,2550,255000,pedestrian/bicycle,1043.105,1008.919,0.546,1.468
P7,2551,255100,pedestrian/bicycle,1043.159,1009.066,0.535,1.472
P7,2552,255200,pedestrian/bicycle,1043.212,1009.213,0.525,1.475
P7,2553,255300,pedestrian/bicycle,1043.264,1009.361,0.514,1.482
P7,2554,255400,pedestrian/bicycle,1043.315,1009.509,0.506,1.488
P7,2555,255500,pedestrian/bicycle,1043.365,1009.658,0.495,1.48
P7,2556,255600,pedestrian/bicycle,1043.414,1009.804,0.483,1.449
P7,2557,255700,pedestrian/bicycle,1043.462,1009.947,0.471,1.401
P7,2558,255800,pedestrian/bicycle,1043.508,1010.084,0.46,1.341
P7,2559,255900,pedestrian/bicycle,1043.554,1010.215,0.45,1.275
P7,2560,256000,pedestrian/bicycle,1043.599,1010.339,0.441,1.212
P7,2561,256100,pedestrian/bicycle,1043.642,1010.457,0.431,1.151
P7,2562,256200,pedestrian/bicycle,1043.685,1010.569,0.419,1.095
P7,2563,256300,pedestrian/bicycle,1043.726,1010.677,0.408,1.052
P7,2564,256400,pedestrian/bicycle,1043.766,1010.781,0.401,1.027
P7,2565,256500,pedestrian/bicycle,1043.806,1010.883,0.399,1.02
