track_id,frame_id,timestamp_ms,agent_type,x,y,vx,vy
P3,673,67300,pedestrian/bicycle,1002.752,989.105,1.588,0.506
P3,674,67400,pedestrian/bicycle,1002.918,989.158,1.732,0.546
P3,675,67500,pedestrian/bicycle,1003.099,989.214,1.88,0.588
P3,676,67600,pedestrian/bicycle,1003.294,989.274,2.02,0.616
P3,677,67700,pedestrian/bicycle,1003.502,989.336,2.141,0.624
P3,678,67800,pedestrian/bicycle,1003.721,989.399,2.24,0.621
P3,679,67900,pedestrian/bicycle,1003.949,989.46,2.313,0.611
P3,680,68000,pedestrian/bicycle,1004.182,989.521,2.357,0.596
P3,681,68100,pedestrian/bicycle,1004.419,989.579,2.377,0.578
P3,682,68200,pedestrian/bicycle,1004.657,989.636,2.383,0.56
P3,683,68300,pedestrian/bicycle,1004.895,989.692,2.378,0.543
P3,684,68400,pedestrian/bicycle,1005.132,989.745,2.366,0.533
P3,685,68500,pedestrian/bicycle,1005.368,989.798,2.354,0.529
P3,686,68600,pedestrian/bicycle,1005.603,989.852,2.348,0.532
P3,687,68700,pedestrian/bicycle,1005.838,989.905,2.352,0.541
P3,688,68800,pedestrian/bicycle,1006.074,989.96,2.37,0.557
P3,689,68900,pedestrian/bicycle,1006.313,990.017,2.397,0.58
P3,690,69000,pedestrian/bicycle,1006.554,990.076,2.43,0.607
P3,691,69100,pedestrian/bicycle,1006.799,990.139,2.468,0.634
P3,692,69200,pedestrian/bicycle,1007.048,990.203,2.505,0.66
P3,693,69300,pedestrian/bicycle,1007.3,990.27,2.541,0.682
P3,694,69400,pedestrian/bicycle,1007.555,990.339,2.569,0.698
P3,695,69500,pedestrian/bicycle,1007.813,990.41,2.591,0.709
P3,696,69600,pedestrian/bicycle,1008.074,990.481,2.613,0.72
P3,697,69700,pedestrian/bicycle,1008.336,990.554,2.641,0.734
P3,698,69800,pedestrian/bicycle,1008.602,990.628,2.678,0.749
P3,699,69900,pedestrian/bicycle,1008.872,990.704,2.72,0.764
P3,700,70000,pedestrian/bicycle,1009.146,990.781,2.764,0.778
P3,701,70100,pedestrian/bicycle,1009.425,990.859,2.81,0.796
P3,702,70200,pedestrian/bicycle,1009.708,990.94,2.857,0.817
P3,703,70300,pedestrian/bicycle,1009.996,991.023,2.904,0.845
P3,704,70400,pedestrian/bicycle,1010.289,991.109,2.952,0.878
P3,705,70500,pedestrian/bicycle,1010.587,991.199,3.006,0.913
P3,706,70600,pedestrian/bicycle,1010.891,991.292,3.069,0.947
P3,707,70700,pedestrian/bicycle,1011.201,991.388,3.137,0.978
P3,708,70800,pedestrian/bicycle,1011.518,991.487,3.205,1.007
P3,709,70900,pedestrian/bicycle,1011.841,991.589,3.263,1.032
P3,710,71000,pedestrian/bicycle,1012.17,991.694,3.312,1.054
P3,711,71100,pedestrian/bicycle,1012.504,991.8,3.36,1.067
P3,712,71200,pedestrian/bicycle,1012.842,991.906,3.407,1.067
P3,713,71300,pedestrian/bicycle,1013.185,992.012,3.452,1.052
P3,714,71400,pedestrian/bicycle,1013.532,992.116,3.492,1.019
P3,715,71500,pedestrian/bicycle,1013.883,992.215,3.531,0.968
P3,716,71600,pedestrian/bicycle,1014.238,992.309,3.571,0.903
P3,717,71700,pedestrian/bicycle,1014.598,992.395,3.616,0.829
P3,718,71800,pedestrian/bicycle,1014.962,992.475,3.669,0.754
P3,719,71900,pedestrian/bicycle,1015.332,992.546,3.726,0.68
P3,720,72000,pedestrian/bicycle,1015.707,992.611,3.786,0.606
P3,721,72100,pedestrian/bicycle,1016.089,992.667,3.85,0.533
P3,722,72200,pedestrian/bicycle,1016.478,992.717,3.922,0.459
P3,723,72300,pedestrian/bicycle,1016.874,992.759,4.002,0.385
P3,724,72400,pedestrian/bicycle,1017.278,992.794,4.079,0.313
P3,725,72500,pedestrian/bicycle,1017.69,992.822,4.151,0.249
P3,726,72600,pedestrian/bicycle,1018.108,992.845,4.219,0.197
P3,727,72700,pedestrian/bicycle,1018.533,992.862,4.286,0.158
P3,728,72800,pedestrian/bicycle,1018.965,992.877,4.351,0.131
P3,729,72900,pedestrian/bicycle,1019.403,992.889,4.414,0.114
P3,730,73000,pedestrian/bicycle,1019.848,992.9,4.477,0.107
P3,731,73100,pedestrian/bicycle,1020.298,992.911,4.533,0.108
P3,732,73200,pedestrian/bicycle,1020.754,992.922,4.573,0.116
P3,733,73300,pedestrian/bicycle,1021.212,992.934,4.594,0.129
P3,734,73400,pedestrian/bicycle,1021.672,992.948,4.604,0.147
P3,735,73500,pedestrian/bicycle,1022.133,992.964,4.611,0.163
P3,736,73600,pedestrian/bicycle,1022.594,992.98,4.618,0.172
P3,737,73700,pedestrian/bicycle,1023.057,992.998,4.63,0.173
P3,738,73800,pedestrian/bicycle,1023.52,993.014,4.644,0.165
P3,739,73900,pedestrian/bicycle,1023.985,993.03,4.659,0.148
P3,740,74000,pedestrian/bicycle,1024.452,993.044,4.682,0.122
P3,741,74100,pedestrian/bicycle,1024.922,993.054,4.714,0.086
P3,742,74200,pedestrian/bicycle,1025.396,993.061,4.753,0.042
P3,743,74300,pedestrian/bicycle,1025.873,993.063,4.791,-0.003
P3,744,74400,pedestrian/bicycle,1026.354,993.06,4.826,-0.047
P3,745,74500,pedestrian/bicycle,1026.838,993.053,4.858,-0.085
P3,746,74600,pedestrian/bicycle,1027.325,993.044,4.892,-0.113
P3,747,74700,pedestrian/bicycle,1027.816,993.031,4.929,-0.128
P3,748,74800,pedestrian/bicycle,1028.311,993.019,4.969,-0.129
P3,749,74900,pedestrian/bicycle,1028.81,993.006,5.005,-0.115
P3,750,75000,pedestrian/bicycle,1029.312,992.996,5.04,-0.087
P3,751,75100,pedestrian/bicycle,1029.818,992.99,5.078,-0.046
P3,752,75200,pedestrian/bicycle,1030.328,992.988,5.12,0.009
P3,753,75300,pedestrian/bicycle,1030.842,992.992,5.158,0.079
P3,754,75400,pedestrian/bicycle,1031.359,993.004,5.189,0.16
P3,755,75500,pedestrian/bicycle,1031.879,993.025,5.211,0.248
P3,756,75600,pedestrian/bicycle,1032.401,993.054,5.222,0.34
P3,757,75700,pedestrian/bicycle,1032.923,993.092,5.223,0.432
P3,758,75800,pedestrian/bicycle,1033.445,993.14,5.212,0.525
P3,759,75900,pedestrian/bicycle,1033.965,993.197,5.193,0.612
P3,760,76000,pedestrian/bicycle,1034.483,993.263,5.176,0.693
P3,761,76100,pedestrian/bicycle,1035.001,993.336,5.169,0.767
P3,762,76200,pedestrian/bicycle,1035.518,993.416,5.169,0.837
P3,763,76300,pedestrian/bicycle,1036.035,993.503,5.175,0.906
P3,764,76400,pedestrian/bicycle,1036.553,993.597,5.181,0.975
P3,765,76500,pedestrian/bicycle,1037.071,993.698,5.19,1.043
P3,766,76600,pedestrian/bicycle,1037.591,993.806,5.201,1.109
P3,767,76700,pedestrian/bicycle,1038.111,993.92,5.213,1.172
P3,768,76800,pedestrian/bicycle,1038.633,994.04,5.209,1.226
P3,769,76900,pedestrian/bicycle,1039.152,994.164,5.178,1.265
P3,770,77000,pedestrian/bicycle,1039.668,994.292,5.138,1.292
P3,771,77100,pedestrian/bicycle,1040.179,994.422,5.091,1.307
P3,772,77200,pedestrian/bicycle,1040.686,994.553,5.046,1.313
P3,773,77300,pedestrian/bicycle,1041.189,994.684,5.016,1.318
P3,774,77400,pedestrian/bicycle,1041.689,994.816,4.973,1.316
P3,775,77500,pedestrian/bicycle,1042.183,994.947,4.911,1.309
P3,776,77600,pedestrian/bicycle,1042.671,995.078,4.847,1.301
P3,777,77700,pedestrian/bicycle,1043.151,995.207,4.76,1.287
P3,778,77800,pedestrian/bicycle,1043.621,995.335,4.649,1.268
P3,779,77900,pedestrian/bicycle,1044.081,995.461,4.54,1.248
P3,780,78000,pedestrian/bicycle,1044.529,995.584,4.42,1.222
P3,781,78100,pedestrian/bicycle,1044.965,995.705,4.304,1.194
P3,782,78200,pedestrian/bicycle,1045.392,995.824,4.231,1.176
P3,783,78300,pedestrian/bicycle,1045.814,995.941,4.209,1.17
P4,1563,156300,pedestrian/bicycle,1044.833,995.704,-3.043,-0.604
P4,1564,156400,pedestrian/bicycle,1044.526,995.644,-3.084,-0.598
P4,1565,156500,pedestrian/bicycle,1044.216,995.585,-3.127,-0.593
P4,1566,156600,pedestrian/bicycle,1043.902,995.526,-3.149,-0.583
P4,1567,156700,pedestrian/bicycle,1043.588,995.468,-3.135,-0.568
P4,1568,156800,pedestrian/bicycle,1043.277,995.412,-3.081,-0.548
P4,1569,156900,pedestrian/bicycle,1042.975,995.359,-2.958,-0.519
P4,1570,157000,pedestrian/bicycle,1042.688,995.309,-2.78,-0.485
P4,1571,157100,pedestrian/bicycle,1042.419,995.262,-2.599,-0.457
P4,1572,157200,pedestrian/bicycle,1042.167,995.217,-2.448,-0.443
P4,1573,157300,pedestrian/bicycle,1041.927,995.172,-2.348,-0.449
P4,1574,157400,pedestrian/bicycle,1041.694,995.126,-2.318,-0.481
P4,1575,157500,pedestrian/bicycle,1041.46,995.075,-2.356,-0.54
P4,1576,157600,pedestrian/bicycle,1041.22,995.017,-2.443,-0.617
P4,1577,157700,pedestrian/bicycle,1040.971,994.951,-2.545,-0.693
P4,1578,157800,pedestrian/bicycle,1040.713,994.88,-2.609,-0.742
P4,1579,157900,pedestrian/bicycle,1040.451,994.805,-2.626,-0.756
P4,1580,158000,pedestrian/bicycle,1040.188,994.73,-2.634,-0.741
P4,1581,158100,pedestrian/bicycle,1039.924,994.658,-2.644,-0.703
P4,1582,158200,pedestrian/bicycle,1039.659,994.59,-2.659,-0.648
P4,1583,158300,pedestrian/bicycle,1039.392,994.529,-2.682,-0.583
P4,1584,158400,pedestrian/bicycle,1039.122,994.474,-2.712,-0.516
P4,1585,158500,pedestrian/bicycle,1038.85,994.425,-2.742,-0.455
P4,1586,158600,pedestrian/bicycle,1038.574,994.382,-2.767,-0.404
P4,1587,158700,pedestrian/bicycle,1038.297,994.344,-2.782,-0.368
P4,1588,158800,pedestrian/bicycle,1038.019,994.308,-2.78,-0.349
P4,1589,158900,pedestrian/bicycle,1037.742,994.273,-2.764,-0.348
P4,1590,159000,pedestrian/bicycle,1037.466,994.238,-2.745,-0.36
P4,1591,159100,pedestrian/bicycle,1037.192,994.201,-2.73,-0.38
P4,1592,159200,pedestrian/bicycle,1036.92,994.161,-2.72,-0.402
P4,1593,159300,pedestrian/bicycle,1036.648,994.12,-2.714,-0.421
P4,1594,159400,pedestrian/bicycle,1036.377,994.078,-2.703,-0.431
P4,1595,159500,pedestrian/bicycle,1036.108,994.035,-2.684,-0.433
P4,1596,159600,pedestrian/bicycle,1035.841,993.992,-2.656,-0.428
P4,1597,159700,pedestrian/bicycle,1035.577,993.949,-2.625,-0.419
P4,1598,159800,pedestrian/bicycle,1035.316,993.908,-2.595,-0.412
P4,1599,159900,pedestrian/bicycle,1035.058,993.867,-2.569,-0.409
P4,1600,160000,pedestrian/bicycle,1034.802,993.826,-2.549,-0.411
P4,1601,160100,pedestrian/bicycle,1034.548,993.784,-2.539,-0.421
P4,1602,160200,pedestrian/bicycle,1034.293,993.741,-2.542,-0.436
P4,1603,160300,pedestrian/bicycle,1034.038,993.697,-2.558,-0.454
P4,1604,160400,pedestrian/bicycle,1033.781,993.65,-2.584,-0.473
P4,1605,160500,pedestrian/bicycle,1033.521,993.602,-2.618,-0.487
P4,1606,160600,pedestrian/bicycle,1033.258,993.553,-2.651,-0.495
P4,1607,160700,pedestrian/bicycle,1032.991,993.504,-2.68,-0.498
P4,1608,160800,pedestrian/bicycle,1032.722,993.454,-2.703,-0.497
P4,1609,160900,pedestrian/bicycle,1032.451,993.404,-2.725,-0.496
P4,1610,161000,pedestrian/bicycle,1032.177,993.355,-2.751,-0.494
P4,1611,161100,pedestrian/bicycle,1031.9,993.305,-2.784,-0.493
P4,1612,161200,pedestrian/bicycle,1031.62,993.256,-2.821,-0.492
P4,1613,161300,pedestrian/bicycle,1031.336,993.207,-2.857,-0.488
P4,1614,161400,pedestrian/bicycle,1031.049,993.159,-2.893,-0.481
P4,1615,161500,pedestrian/bicycle,1030.757,993.111,-2.933,-0.47
P4,1616,161600,pedestrian/bicycle,1030.462,993.065,-2.978,-0.454
P4,1617,161700,pedestrian/bicycle,1030.161,993.02,-3.028,-0.436
P4,1618,161800,pedestrian/bicycle,1029.856,992.978,-3.081,-0.419
P4,1619,161900,pedestrian/bicycle,1029.545,992.936,-3.137,-0.404
P4,1620,162000,pedestrian/bicycle,1029.229,992.897,-3.189,-0.392
P4,1621,162100,pedestrian/bicycle,1028.908,992.858,-3.234,-0.384
P4,1622,162200,pedestrian/bicycle,1028.582,992.82,-3.273,-0.378
P4,1623,162300,pedestrian/bicycle,1028.253,992.782,-3.306,-0.375
P4,1624,162400,pedestrian/bicycle,1027.921,992.745,-3.334,-0.369
P4,1625,162500,pedestrian/bicycle,1027.586,992.708,-3.364,-0.36
P4,1626,162600,pedestrian/bicycle,1027.249,992.673,-3.394,-0.35
P4,1627,162700,pedestrian/bicycle,1026.908,992.638,-3.422,-0.343
P4,1628,162800,pedestrian/bicycle,1026.564,992.604,-3.448,-0.338
P4,1629,162900,pedestrian/bicycle,1026.218,992.57,-3.469,-0.336
P4,1630,163000,pedestrian/bicycle,1025.871,992.537,-3.486,-0.335
P4,1631,163100,pedestrian/bicycle,1025.522,992.504,-3.498,-0.331
P4,1632,163200,pedestrian/bicycle,1025.171,992.471,-3.511,-0.321
P4,1633,163300,pedestrian/bicycle,1024.819,992.44,-3.525,-0.302
P4,1634,163400,pedestrian/bicycle,1024.466,992.411,-3.538,-0.275
P4,1635,163500,pedestrian/bicycle,1024.112,992.385,-3.552,-0.241
P4,1636,163600,pedestrian/bicycle,1023.756,992.363,-3.567,-0.206
P4,1637,163700,pedestrian/bicycle,1023.398,992.344,-3.583,-0.173
P4,1638,163800,pedestrian/bicycle,1023.039,992.328,-3.604,-0.143
P4,1639,163900,pedestrian/bicycle,1022.677,992.315,-3.629,-0.116
P4,1640,164000,pedestrian/bicycle,1022.313,992.305,-3.649,-0.095
P4,1641,164100,pedestrian/bicycle,1021.948,992.296,-3.659,-0.078
P4,1642,164200,pedestrian/bicycle,1021.582,992.289,-3.654,-0.064
P4,1643,164300,pedestrian/bicycle,1021.218,992.283,-3.634,-0.055
P4,1644,164400,pedestrian/bicycle,1020.856,992.277,-3.607,-0.055
P4,1645,164500,pedestrian/bicycle,1020.497,992.271,-3.577,-0.065
P4,1646,164600,pedestrian/bicycle,1020.14,992.264,-3.547,-0.084
P4,1647,164700,pedestrian/bicycle,1019.787,992.254,-3.522,-0.108
P4,1648,164800,pedestrian/bicycle,1019.436,992.242,-3.503,-0.134
P4,1649,164900,pedestrian/bicycle,1019.086,992.227,-3.492,-0.161
P4,1650,165000,pedestrian/bicycle,1018.737,992.21,-3.49,-0.186
P4,1651,165100,pedestrian/bicycle,1018.388,992.19,-3.495,-0.212
P4,1652,165200,pedestrian/bicycle,1018.038,992.168,-3.503,-0.24
P4,1653,165300,pedestrian/bicycle,1017.687,992.142,-3.507,-0.269
P4,1654,165400,pedestrian/bicycle,1017.337,992.114,-3.506,-0.297
P4,1655,165500,pedestrian/bicycle,1016.986,992.083,-3.502,-0.32
P4,1656,165600,pedestrian/bicycle,1016.636,992.05,-3.498,-0.339
P4,1657,165700,pedestrian/bicycle,1016.286,992.015,-3.5,-0.357
P4,1658,165800,pedestrian/bicycle,1015.936,991.979,-3.512,-0.378
P4,1659,165900,pedestrian/bicycle,1015.583,991.94,-3.536,-0.399
P4,1660,166000,pedestrian/bicycle,1015.228,991.899,-3.565,-0.419
P4,1661,166100,pedestrian/bicycle,1014.87,991.856,-3.597,-0.437
P4,1662,166200,pedestrian/bicycle,1014.509,991.812,-3.626,-0.452
P4,1663,166300,pedestrian/bicycle,1014.145,991.766,-3.648,-0.466
P4,1664,166400,pedestrian/bicycle,1013.78,991.718,-3.659,-0.482
P4,1665,166500,pedestrian/bicycle,1013.414,991.669,-3.659,-0.498
P4,1666,166600,pedestrian/bicycle,1013.049,991.619,-3.651,-0.516
P4,1667,166700,pedestrian/bicycle,1012.684,991.566,-3.643,-0.535
P4,1668,166800,pedestrian/bicycle,1012.32,991.512,-3.635,-0.555
P4,1669,166900,pedestrian/bicycle,1011.957,991.455,-3.622,-0.573
P4,1670,167000,pedestrian/bicycle,1011.596,991.397,-3.606,-0.588
P4,1671,167100,pedestrian/bicycle,1011.236,991.338,-3.588,-0.6
P4,1672,167200,pedestrian/bicycle,1010.878,991.277,-3.567,-0.606
P4,1673,167300,pedestrian/bicycle,1010.523,991.217,-3.542,-0.605
P4,1674,167400,pedestrian/bicycle,1010.17,991.157,-3.514,-0.599
P4,1675,167500,pedestrian/bicycle,1009.82,991.097,-3.484,-0.592
P4,1676,167600,pedestrian/bicycle,1009.473,991.038,-3.454,-0.588
P4,1677,167700,pedestrian/bicycle,1009.129,990.979,-3.425,-0.591
P4,1678,167800,pedestrian/bicycle,1008.788,990.92,-3.397,-0.604
P4,1679,167900,pedestrian/bicycle,1008.45,990.858,-3.37,-0.622
P4,1680,168000,pedestrian/bicycle,1008.114,990.795,-3.341,-0.645
P4,1681,168100,pedestrian/bicycle,1007.782,990.729,-3.312,-0.669
P4,1682,168200,pedestrian/bicycle,1007.452,990.661,-3.282,-0.694
P4,1683,168300,pedestrian/bicycle,1007.125,990.59,-3.252,-0.724
P4,1684,168400,pedestrian/bicycle,1006.802,990.516,-3.221,-0.764
P4,1685,168500,pedestrian/bicycle,1006.481,990.437,-3.188,-0.818
P4,1686,168600,pedestrian/bicycle,1006.164,990.351,-3.158,-0.885
P4,1687,168700,pedestrian/bicycle,1005.85,990.259,-3.131,-0.964
P4,1688,168800,pedestrian/bicycle,1005.538,990.158,-3.101,-1.053
P4,1689,168900,pedestrian/bicycle,1005.23,990.048,-3.064,-1.152
P4,1690,169000,pedestrian/bicycle,1004.925,989.927,-3.019,-1.26
P4,1691,169100,pedestrian/bicycle,1004.626,989.796,-2.962,-1.374
P4,1692,169200,pedestrian/bicycle,1004.334,989.652,-2.887,-1.489
P4,1693,169300,pedestrian/bicycle,1004.05,989.498,-2.792,-1.596
P4,1694,169400,pedestrian/bicycle,1003.777,989.334,-2.678,-1.694
P4,1695,169500,pedestrian/bicycle,1003.515,989.16,-2.551,-1.784
P4,1696,169600,pedestrian/bicycle,1003.266,988.977,-2.423,-1.87
P4,1697,169700,pedestrian/bicycle,1003.03,988.786,-2.298,-1.954
P4,1698,169800,pedestrian/bicycle,1002.807,988.587,-2.161,-2.024
P4,1699,169900,pedestrian/bicycle,1002.599,988.382,-2.015,-2.075
P4,1700,170000,pedestrian/bicycle,1002.404,988.173,-1.883,-2.109
P4,1701,170100,pedestrian/bicycle,1002.221,987.962,-1.774,-2.111
P4,1702,170200,pedestrian/bicycle,1002.047,987.752,-1.693,-2.088
P4,1703,170300,pedestrian/bicycle,1001.88,987.544,-1.649,-2.068
P4,1704,170400,pedestrian/bicycle,1001.716,987.338,-1.636,-2.061
P5,1875,187500,pedestrian/bicycle,1000.717,988.28,2.255,0.7
P5,1876,187600,pedestrian/bicycle,1000.945,988.351,2.307,0.725
P5,1877,187700,pedestrian/bicycle,1001.179,988.426,2.375,0.759
P5,1878,187800,pedestrian/bicycle,1001.421,988.504,2.451,0.801
P5,1879,187900,pedestrian/bicycle,1001.67,988.586,2.535,0.853
P5,1880,188000,pedestrian/bicycle,1001.928,988.675,2.631,0.918
P5,1881,188100,pedestrian/bicycle,1002.196,988.77,2.727,0.993
P5,1882,188200,pedestrian/bicycle,1002.473,988.874,2.816,1.078
P5,1883,188300,pedestrian/bicycle,1002.759,988.986,2.905,1.172
P5,1884,188400,pedestrian/bicycle,1003.055,989.108,3,1.266
P5,1885,188500,pedestrian/bicycle,1003.36,989.239,3.097,1.355
P5,1886,188600,pedestrian/bicycle,1003.674,989.379,3.186,1.439
P5,1887,188700,pedestrian/bicycle,1003.996,989.527,3.268,1.514
P5,1888,188800,pedestrian/bicycle,1004.327,989.681,3.339,1.582
P5,1889,188900,pedestrian/bicycle,1004.663,989.843,3.395,1.648
P5,1890,189000,pedestrian/bicycle,1005.005,990.011,3.435,1.719
P5,1891,189100,pedestrian/bicycle,1005.35,990.187,3.467,1.79
P5,1892,189200,pedestrian/bicycle,1005.699,990.369,3.506,1.85
P5,1893,189300,pedestrian/bicycle,1006.051,990.555,3.551,1.885
P5,1894,189400,pedestrian/bicycle,1006.409,990.744,3.594,1.889
P5,1895,189500,pedestrian/bicycle,1006.77,990.932,3.632,1.869
P5,1896,189600,pedestrian/bicycle,1007.135,991.117,3.66,1.836
P5,1897,189700,pedestrian/bicycle,1007.502,991.299,3.688,1.799
P5,1898,189800,pedestrian/bicycle,1007.872,991.477,3.719,1.761
P5,1899,189900,pedestrian/bicycle,1008.246,991.651,3.751,1.72
P5,1900,190000,pedestrian/bicycle,1008.623,991.821,3.787,1.677
P5,1901,190100,pedestrian/bicycle,1009.004,991.986,3.83,1.63
P5,1902,190200,pedestrian/bicycle,1009.389,992.147,3.881,1.577
P5,1903,190300,pedestrian/bicycle,1009.78,992.301,3.937,1.517
P5,1904,190400,pedestrian/bicycle,1010.177,992.45,3.996,1.453
P5,1905,190500,pedestrian/bicycle,1010.58,992.592,4.062,1.384
P5,1906,190600,pedestrian/bicycle,1010.989,992.726,4.133,1.308
P5,1907,190700,pedestrian/bicycle,1011.406,992.853,4.204,1.225
P5,1908,190800,pedestrian/bicycle,1011.83,992.971,4.274,1.138
P5,1909,190900,pedestrian/bicycle,1012.261,993.08,4.346,1.045
P5,1910,191000,pedestrian/bicycle,1012.699,993.18,4.415,0.947
P5,1911,191100,pedestrian/bicycle,1013.144,993.27,4.476,0.848
P5,1912,191200,pedestrian/bicycle,1013.594,993.349,4.532,0.749
P5,1913,191300,pedestrian/bicycle,1014.05,993.42,4.586,0.655
P5,1914,191400,pedestrian/bicycle,1014.511,993.481,4.641,0.566
P5,1915,191500,pedestrian/bicycle,1014.978,993.533,4.696,0.483
P5,1916,191600,pedestrian/bicycle,1015.451,993.578,4.753,0.406
P5,1917,191700,pedestrian/bicycle,1015.929,993.615,4.813,0.335
P5,1918,191800,pedestrian/bicycle,1016.413,993.645,4.873,0.27
P5,1919,191900,pedestrian/bicycle,1016.903,993.669,4.929,0.215
P5,1920,192000,pedestrian/bicycle,1017.399,993.688,4.985,0.17
P5,1921,192100,pedestrian/bicycle,1017.901,993.704,5.045,0.131
P5,1922,192200,pedestrian/bicycle,1018.408,993.715,5.111,0.093
P5,1923,192300,pedestrian/bicycle,1018.923,993.722,5.181,0.057
P5,1924,192400,pedestrian/bicycle,1019.445,993.726,5.253,0.019
P5,1925,192500,pedestrian/bicycle,1019.973,993.726,5.32,-0.017
P5,1926,192600,pedestrian/bicycle,1020.508,993.723,5.381,-0.046
P5,1927,192700,pedestrian/bicycle,1021.049,993.717,5.434,-0.065
P5,1928,192800,pedestrian/bicycle,1021.595,993.711,5.482,-0.073
P5,1929,192900,pedestrian/bicycle,1022.145,993.703,5.525,-0.072
P5,1930,193000,pedestrian/bicycle,1022.7,993.697,5.56,-0.065
P5,1931,193100,pedestrian/bicycle,1023.257,993.69,5.589,-0.057
P5,1932,193200,pedestrian/bicycle,1023.817,993.685,5.617,-0.045
P5,1933,193300,pedestrian/bicycle,1024.381,993.681,5.648,-0.032
P5,1934,193400,pedestrian/bicycle,1024.947,993.679,5.68,-0.021
P5,1935,193500,pedestrian/bicycle,1025.517,993.677,5.71,-0.014
P5,1936,193600,pedestrian/bicycle,1026.089,993.676,5.734,-0.013
P5,1937,193700,pedestrian/bicycle,1026.663,993.674,5.752,-0.019
P5,1938,193800,pedestrian/bicycle,1027.239,993.672,5.773,-0.026
P5,1939,193900,pedestrian/bicycle,1027.818,993.669,5.799,-0.029
P5,1940,194000,pedestrian/bicycle,1028.399,993.666,5.827,-0.025
P5,1941,194100,pedestrian/bicycle,1028.983,993.664,5.853,-0.015
P5,1942,194200,pedestrian/bicycle,1029.57,993.664,5.876,0.002
P5,1943,194300,pedestrian/bicycle,1030.158,993.665,5.896,0.03
P5,1944,194400,pedestrian/bicycle,1030.749,993.67,5.919,0.069
P5,1945,194500,pedestrian/bicycle,1031.342,993.68,5.947,0.117
P5,1946,194600,pedestrian/bicycle,1031.938,993.694,5.976,0.172
P5,1947,194700,pedestrian/bicycle,1032.537,993.714,6.001,0.232
P5,1948,194800,pedestrian/bicycle,1033.138,993.741,6.018,0.299
P5,1949,194900,pedestrian/bicycle,1033.74,993.774,6.021,0.364
P5,1950,195000,pedestrian/bicycle,1034.341,993.813,6.006,0.427
P5,1951,195100,pedestrian/bicycle,1034.94,993.859,5.969,0.489
P5,1952,195200,pedestrian/bicycle,1035.534,993.911,5.903,0.549
P5,1953,195300,pedestrian/bicycle,1036.119,993.969,5.806,0.602
P5,1954,195400,pedestrian/bicycle,1036.693,994.031,5.675,0.642
P5,1955,195500,pedestrian/bicycle,1037.253,994.096,5.512,0.663
P5,1956,195600,pedestrian/bicycle,1037.795,994.163,5.326,0.667
P5,1957,195700,pedestrian/bicycle,1038.318,994.229,5.133,0.657
P5,1958,195800,pedestrian/bicycle,1038.821,994.294,4.929,0.638
P5,1959,195900,pedestrian/bicycle,1039.303,994.356,4.72,0.614
P5,1960,196000,pedestrian/bicycle,1039.767,994.417,4.551,0.594
P5,1961,196100,pedestrian/bicycle,1040.217,994.475,4.454,0.582
P5,1962,196200,pedestrian/bicycle,1040.661,994.533,4.425,0.578
P6,1882,188200,pedestrian/bicycle,1001.967,987.409,1.107,1.013
P6,1883,188300,pedestrian/bicycle,1002.085,987.51,1.261,1.012
P6,1884,188400,pedestrian/bicycle,1002.219,987.612,1.42,1.015
P6,1885,188500,pedestrian/bicycle,1002.369,987.714,1.582,1.026
P6,1886,188600,pedestrian/bicycle,1002.535,987.817,1.739,1.044
P6,1887,188700,pedestrian/bicycle,1002.717,987.923,1.891,1.066
P6,1888,188800,pedestrian/bicycle,1002.914,988.03,2.043,1.087
P6,1889,188900,pedestrian/bicycle,1003.126,988.14,2.201,1.101
P6,1890,189000,pedestrian/bicycle,1003.354,988.25,2.362,1.105
P6,1891,189100,pedestrian/bicycle,1003.598,988.36,2.511,1.101
P6,1892,189200,pedestrian/bicycle,1003.855,988.47,2.644,1.084
P6,1893,189300,pedestrian/bicycle,1004.125,988.576,2.754,1.05
P6,1894,189400,pedestrian/bicycle,1004.405,988.679,2.841,1.005
P6,1895,189500,pedestrian/bicycle,1004.693,988.777,2.914,0.954
P6,1896,189600,pedestrian/bicycle,1004.987,988.87,2.979,0.901
P6,1897,189700,pedestrian/bicycle,1005.288,988.957,3.041,0.848
P6,1898,189800,pedestrian/bicycle,1005.595,989.04,3.099,0.799
P6,1899,189900,pedestrian/bicycle,1005.908,989.118,3.157,0.76
P6,1900,190000,pedestrian/bicycle,1006.227,989.192,3.214,0.738
P6,1901,190100,pedestrian/bicycle,1006.551,989.266,3.269,0.737
P6,1902,190200,pedestrian/bicycle,1006.88,989.341,3.318,0.753
P6,1903,190300,pedestrian/bicycle,1007.214,989.418,3.36,0.786
P6,1904,190400,pedestrian/bicycle,1007.551,989.499,3.388,0.832
P6,1905,190500,pedestrian/bicycle,1007.891,989.585,3.399,0.888
P6,1906,190600,pedestrian/bicycle,1008.231,989.677,3.399,0.952
P6,1907,190700,pedestrian/bicycle,1008.57,989.775,3.396,1.025
P6,1908,190800,pedestrian/bicycle,1008.91,989.882,3.395,1.105
P6,1909,190900,pedestrian/bicycle,1009.25,989.997,3.402,1.189
P6,1910,191000,pedestrian/bicycle,1009.591,990.12,3.426,1.272
P6,1911,191100,pedestrian/bicycle,1009.936,990.25,3.461,1.344
P6,1912,191200,pedestrian/bicycle,1010.284,990.388,3.498,1.399
P6,1913,191300,pedestrian/bicycle,1010.636,990.529,3.542,1.435
P6,1914,191400,pedestrian/bicycle,1010.993,990.673,3.598,1.449
P6,1915,191500,pedestrian/bicycle,1011.356,990.818,3.67,1.447
P6,1916,191600,pedestrian/bicycle,1011.727,990.962,3.76,1.434
P6,1917,191700,pedestrian/bicycle,1012.108,991.105,3.852,1.41
P6,1918,191800,pedestrian/bicycle,1012.497,991.244,3.931,1.372
P6,1919,191900,pedestrian/bicycle,1012.894,991.379,4,1.326
P6,1920,192000,pedestrian/bicycle,1013.297,991.509,4.061,1.277
P6,1921,192100,pedestrian/bicycle,1013.706,991.634,4.114,1.225
P6,1922,192200,pedestrian/bicycle,1014.119,991.754,4.155,1.167
P6,1923,192300,pedestrian/bicycle,1014.536,991.867,4.189,1.105
P6,1924,192400,pedestrian/bicycle,1014.957,991.974,4.223,1.04
P6,1925,192500,pedestrian/bicycle,1015.381,992.075,4.261,0.973
P6,1926,192600,pedestrian/bicycle,1015.809,992.169,4.308,0.906
P6,1927,192700,pedestrian/bicycle,1016.243,992.256,4.364,0.837
P6,1928,192800,pedestrian/bicycle,1016.682,992.336,4.423,0.769
P6,1929,192900,pedestrian/bicycle,1017.128,992.41,4.489,0.704
P6,1930,193000,pedestrian/bicycle,1017.581,992.478,4.563,0.65
P6,1931,193100,pedestrian/bicycle,1018.041,992.541,4.641,0.606
P6,1932,193200,pedestrian/bicycle,1018.509,992.6,4.725,0.573
P6,1933,193300,pedestrian/bicycle,1018.986,992.656,4.811,0.548
P6,1934,193400,pedestrian/bicycle,1019.471,992.709,4.89,0.525
P6,1935,193500,pedestrian/bicycle,1019.963,992.761,4.96,0.503
P6,1936,193600,pedestrian/bicycle,1020.462,992.81,5.024,0.484
P6,1937,193700,pedestrian/bicycle,1020.968,992.858,5.083,0.47
P6,1938,193800,pedestrian/bicycle,1021.479,992.904,5.142,0.464
P6,1939,193900,pedestrian/bicycle,1021.996,992.951,5.199,0.463
P6,1940,194000,pedestrian/bicycle,1022.519,992.997,5.254,0.465
P6,1941,194100,pedestrian/bicycle,1023.047,993.044,5.301,0.469
P6,1942,194200,pedestrian/bicycle,1023.579,993.091,5.338,0.472
P6,1943,194300,pedestrian/bicycle,1024.114,993.138,5.365,0.474
P6,1944,194400,pedestrian/bicycle,1024.651,993.186,5.381,0.472
P6,1945,194500,pedestrian/bicycle,1025.19,993.232,5.39,0.464
P6,1946,194600,pedestrian/bicycle,1025.729,993.278,5.397,0.451
P6,1947,194700,pedestrian/bicycle,1026.269,993.322,5.41,0.434
P6,1948,194800,pedestrian/bicycle,1026.811,993.365,5.433,0.41
P6,1949,194900,pedestrian/bicycle,1027.356,993.404,5.463,0.379
P6,1950,195000,pedestrian/bicycle,1027.904,993.44,5.494,0.338
P6,1951,195100,pedestrian/bicycle,1028.455,993.471,5.524,0.292
P6,1952,195200,pedestrian/bicycle,1029.009,993.498,5.551,0.247
P6,1953,195300,pedestrian/bicycle,1029.565,993.521,5.581,0.21
P6,1954,195400,pedestrian/bicycle,1030.125,993.541,5.616,0.188
P6,1955,195500,pedestrian/bicycle,1030.689,993.56,5.658,0.183
P6,1956,195600,pedestrian/bicycle,1031.257,993.579,5.711,0.196
P6,1957,195700,pedestrian/bicycle,1031.831,993.6,5.766,0.226
P6,1958,195800,pedestrian/bicycle,1032.41,993.625,5.812,0.27
P6,1959,195900,pedestrian/bicycle,1032.993,993.654,5.841,0.321
P6,1960,196000,pedestrian/bicycle,1033.577,993.689,5.847,0.376
P6,1961,196100,pedestrian/bicycle,1034.161,993.729,5.833,0.429
P6,1962,196200,pedestrian/bicycle,1034.743,993.774,5.8,0.477
P6,1963,196300,pedestrian/bicycle,1035.32,993.824,5.75,0.52
P6,1964,196400,pedestrian/bicycle,1035.892,993.878,5.688,0.56
P6,1965,196500,pedestrian/bicycle,1036.457,993.936,5.619,0.597
P6,1966,196600,pedestrian/bicycle,1037.016,993.998,5.552,0.634
P6,1967,196700,pedestrian/bicycle,1037.568,994.063,5.478,0.666
P6,1968,196800,pedestrian/bicycle,1038.111,994.131,5.398,0.693
P6,1969,196900,pedestrian/bicycle,1038.648,994.201,5.324,0.713
P6,1970,197000,pedestrian/bicycle,1039.175,994.273,5.224,0.72
P6,1971,197100,pedestrian/bicycle,1039.692,994.344,5.109,0.715
P6,1972,197200,pedestrian/bicycle,1040.199,994.416,5.034,0.71
P6,1973,197300,pedestrian/bicycle,1040.701,994.487,5.01,0.708
P7,2739,273900,pedestrian/bicycle,973.314,1005.314,5.112,0.156
P7,2740,274000,pedestrian/bicycle,973.826,1005.328,5.117,0.119
P7,2741,274100,pedestrian/bicycle,974.338,1005.338,5.121,0.083
P7,2742,274200,pedestrian/bicycle,974.85,1005.344,5.123,0.047
P7,2743,274300,pedestrian/bicycle,975.362,1005.347,5.121,0.014
P7,2744,274400,pedestrian/bicycle,975.874,1005.347,5.118,-0.014
P7,2745,274500,pedestrian/bicycle,976.386,1005.345,5.116,-0.038
P7,2746,274600,pedestrian/bicycle,976.898,1005.34,5.117,-0.058
P7,2747,274700,pedestrian/bicycle,977.409,1005.333,5.12,-0.077
P7,2748,274800,pedestrian/bicycle,977.921,1005.325,5.123,-0.095
P7,2749,274900,pedestrian/bicycle,978.434,1005.314,5.127,-0.111
P7,2750,275000,pedestrian/bicycle,978.947,1005.303,5.13,-0.122
P7,2751,275100,pedestrian/bicycle,979.46,1005.29,5.13,-0.128
P7,2752,275200,pedestrian/bicycle,979.973,1005.277,5.127,-0.131
P7,2753,275300,pedestrian/bicycle,980.485,1005.264,5.118,-0.131
P7,2754,275400,pedestrian/bicycle,980.996,1005.251,5.1,-0.131
P7,2755,275500,pedestrian/bicycle,981.504,1005.238,5.07,-0.129
P7,2756,275600,pedestrian/bicycle,982.009,1005.225,5.029,-0.127
P7,2757,275700,pedestrian/bicycle,982.51,1005.213,4.978,-0.126
P7,2758,275800,pedestrian/bicycle,983.004,1005.2,4.913,-0.127
P7,2759,275900,pedestrian/bicycle,983.492,1005.187,4.835,-0.129
P7,2760,276000,pedestrian/bicycle,983.97,1005.174,4.741,-0.133
P7,2761,276100,pedestrian/bicycle,984.439,1005.16,4.633,-0.137
P7,2762,276200,pedestrian/bicycle,984.896,1005.147,4.508,-0.137
P7,2763,276300,pedestrian/bicycle,985.34,1005.133,4.369,-0.133
P7,2764,276400,pedestrian/bicycle,985.77,1005.121,4.219,-0.122
P7,2765,276500,pedestrian/bicycle,986.184,1005.109,4.064,-0.107
P7,2766,276600,pedestrian/bicycle,986.582,1005.099,3.906,-0.088
P7,2767,276700,pedestrian/bicycle,986.965,1005.092,3.749,-0.069
P7,2768,276800,pedestrian/bicycle,987.332,1005.086,3.597,-0.05
P7,2769,276900,pedestrian/bicycle,987.685,1005.081,3.452,-0.031
P7,2770,277000,pedestrian/bicycle,988.023,1005.079,3.32,-0.013
P7,2771,277100,pedestrian/bicycle,988.349,1005.079,3.201,0.004
P7,2772,277200,pedestrian/bicycle,988.664,1005.08,3.093,0.014
P7,2773,277300,pedestrian/bicycle,988.968,1005.081,2.99,0.015
P7,2774,277400,pedestrian/bicycle,989.262,1005.082,2.884,0.003
P7,2775,277500,pedestrian/bicycle,989.545,1005.081,2.773,-0.025
P7,2776,277600,pedestrian/bicycle,989.816,1005.077,2.657,-0.064
P7,2777,277700,pedestrian/bicycle,990.076,1005.068,2.538,-0.107
P7,2778,277800,pedestrian/bicycle,990.324,1005.055,2.424,-0.146
P7,2779,277900,pedestrian/bicycle,990.562,1005.039,2.325,-0.175
P7,2780,278000,pedestrian/bicycle,990.79,1005.021,2.237,-0.191
P7,2781,278100,pedestrian/bicycle,991.009,1005.002,2.155,-0.191
P7,2782,278200,pedestrian/bicycle,991.221,1004.984,2.069,-0.178
P7,2783,278300,pedestrian/bicycle,991.422,1004.967,1.963,-0.155
P7,2784,278400,pedestrian/bicycle,991.612,1004.953,1.834,-0.126
P7,2785,278500,pedestrian/bicycle,991.788,1004.942,1.688,-0.097
P7,2786,278600,pedestrian/bicycle,991.949,1004.933,1.525,-0.072
P7,2787,278700,pedestrian/bicycle,992.093,1004.927,1.35,-0.051
P7,2788,278800,pedestrian/bicycle,992.219,1004.923,1.17,-0.034
P7,2789,278900,pedestrian/bicycle,992.327,1004.92,0.993,-0.019
P7,2790,279000,pedestrian/bicycle,992.417,1004.919,0.82,-0.005
P7,2791,279100,pedestrian/bicycle,992.491,1004.919,0.656,0.009
P7,2792,279200,pedestrian/bicycle,992.549,1004.921,0.502,0.023
P7,2793,279300,pedestrian/bicycle,992.592,1004.924,0.36,0.038
P7,2794,279400,pedestrian/bicycle,992.622,1004.929,0.234,0.053
P7,2795,279500,pedestrian/bicycle,992.64,1004.935,0.126,0.067
P7,2796,279600,pedestrian/bicycle,992.648,1004.942,0.039,0.078
P7,2797,279700,pedestrian/bicycle,992.649,1004.95,-0.023,0.086
P7,2798,279800,pedestrian/bicycle,992.645,1004.959,-0.061,0.09
P7,2799,279900,pedestrian/bicycle,992.638,1004.968,-0.078,0.093
P7,2800,280000,pedestrian/bicycle,992.63,1004.978,-0.078,0.1
P7,2801,280100,pedestrian/bicycle,992.623,1004.988,-0.066,0.108
P7,2802,280200,pedestrian/bicycle,992.617,1004.999,-0.048,0.116
P7,2803,280300,pedestrian/bicycle,992.614,1005.011,-0.024,0.125
P7,2804,280400,pedestrian/bicycle,992.613,1005.024,0.005,0.133
P7,2805,280500,pedestrian/bicycle,992.615,1005.038,0.041,0.14
P7,2806,280600,pedestrian/bicycle,992.621,1005.052,0.086,0.141
P7,2807,280700,pedestrian/bicycle,992.632,1005.066,0.139,0.134
P7,2808,280800,pedestrian/bicycle,992.65,1005.078,0.203,0.117
P7,2809,280900,pedestrian/bicycle,992.674,1005.089,0.277,0.089
P7,2810,281000,pedestrian/bicycle,992.705,1005.096,0.358,0.051
P7,2811,281100,pedestrian/bicycle,992.746,1005.098,0.446,0.004
P7,2812,281200,pedestrian/bicycle,992.795,1005.096,0.544,-0.048
P7,2813,281300,pedestrian/bicycle,992.855,1005.089,0.654,-0.101
P7,2814,281400,pedestrian/bicycle,992.926,1005.076,0.77,-0.15
P7,2815,281500,pedestrian/bicycle,993.009,1005.059,0.887,-0.19
P7,2816,281600,pedestrian/bicycle,993.103,1005.039,1,-0.215
P7,2817,281700,pedestrian/bicycle,993.208,1005.017,1.1,-0.225
P7,2818,281800,pedestrian/bicycle,993.323,1004.995,1.187,-0.225
P7,2819,281900,pedestrian/bicycle,993.445,1004.972,1.264,-0.219
P7,2820,282000,pedestrian/bicycle,993.575,1004.951,1.336,-0.211
P7,2821,282100,pedestrian/bicycle,993.713,1004.93,1.408,-0.201
P7,2822,282200,pedestrian/bicycle,993.857,1004.911,1.487,-0.192
P7,2823,282300,pedestrian/bicycle,994.01,1004.892,1.577,-0.182
P7,2824,282400,pedestrian/bicycle,994.173,1004.874,1.677,-0.172
P7,2825,282500,pedestrian/bicycle,994.346,1004.858,1.784,-0.159
P7,2826,282600,pedestrian/bicycle,994.53,1004.843,1.891,-0.141
P7,2827,282700,pedestrian/bicycle,994.724,1004.83,1.988,-0.117
P7,2828,282800,pedestrian/bicycle,994.927,1004.819,2.067,-0.091
P7,2829,282900,pedestrian/bicycle,995.136,1004.811,2.117,-0.066
P7,2830,283000,pedestrian/bicycle,995.348,1004.806,2.128,-0.039
P7,2831,283100,pedestrian/bicycle,995.56,1004.804,2.105,-0.008
P7,2832,283200,pedestrian/bicycle,995.769,1004.804,2.066,0.014
P7,2833,283300,pedestrian/bicycle,995.973,1004.806,2.031,0.019
P7,2834,283400,pedestrian/bicycle,996.176,1004.807,2.012,0.011
P7,2835,283500,pedestrian/bicycle,996.377,1004.807,2.009,-0.005
P7,2836,283600,pedestrian/bicycle,996.578,1004.806,2.016,-0.025
P7,2837,283700,pedestrian/bicycle,996.78,1004.802,2.021,-0.046
P7,2838,283800,pedestrian/bicycle,996.981,1004.797,2.014,-0.068
P7,2839,283900,pedestrian/bicycle,997.182,1004.789,1.991,-0.088
P7,2840,284000,pedestrian/bicycle,997.379,1004.779,1.95,-0.107
P7,2841,284100,pedestrian/bicycle,997.571,1004.768,1.892,-0.124
P7,2842,284200,pedestrian/bicycle,997.756,1004.754,1.821,-0.141
P7,2843,284300,pedestrian/bicycle,997.935,1004.739,1.741,-0.157
P7,2844,284400,pedestrian/bicycle,998.104,1004.723,1.645,-0.171
P7,2845,284500,pedestrian/bicycle,998.262,1004.705,1.52,-0.184
P7,2846,284600,pedestrian/bicycle,998.406,1004.686,1.357,-0.193
P7,2847,284700,pedestrian/bicycle,998.532,1004.667,1.159,-0.197
P7,2848,284800,pedestrian/bicycle,998.637,1004.647,0.943,-0.194
P7,2849,284900,pedestrian/bicycle,998.721,1004.628,0.732,-0.186
P7,2850,285000,pedestrian/bicycle,998.784,1004.61,0.539,-0.178
P7,2851,285100,pedestrian/bicycle,998.83,1004.592,0.371,-0.182
P7,2852,285200,pedestrian/bicycle,998.86,1004.573,0.232,-0.204
P7,2853,285300,pedestrian/bicycle,998.877,1004.551,0.122,-0.236
P7,2854,285400,pedestrian/bicycle,998.886,1004.526,0.042,-0.254
P7,2855,285500,pedestrian/bicycle,998.887,1004.502,-0.011,-0.239
P7,2856,285600,pedestrian/bicycle,998.885,1004.48,-0.038,-0.186
P7,2857,285700,pedestrian/bicycle,998.881,1004.466,-0.045,-0.108
P7,2858,285800,pedestrian/bicycle,998.876,1004.459,-0.035,-0.024
P7,2859,285900,pedestrian/bicycle,998.874,1004.461,-0.013,0.055
P7,2860,286000,pedestrian/bicycle,998.874,1004.47,0.02,0.124
P7,2861,286100,pedestrian/bicycle,998.878,1004.485,0.06,0.182
P7,2862,286200,pedestrian/bicycle,998.887,1004.505,0.105,0.225
P7,2863,286300,pedestrian/bicycle,998.9,1004.529,0.151,0.25
P7,2864,286400,pedestrian/bicycle,998.917,1004.554,0.194,0.254
P7,2865,286500,pedestrian/bicycle,998.938,1004.579,0.23,0.239
P7,2866,286600,pedestrian/bicycle,998.962,1004.602,0.253,0.21
P7,2867,286700,pedestrian/bicycle,998.988,1004.621,0.258,0.176
P7,2868,286800,pedestrian/bicycle,999.013,1004.637,0.245,0.14
P7,2869,286900,pedestrian/bicycle,999.036,1004.649,0.22,0.107
P7,2870,287000,pedestrian/bicycle,999.056,1004.658,0.188,0.078
P7,2871,287100,pedestrian/bicycle,999.073,1004.665,0.153,0.055
P7,2872,287200,pedestrian/bicycle,999.087,1004.669,0.117,0.037
P7,2873,287300,pedestrian/bicycle,999.097,1004.673,0.082,0.027
P7,2874,287400,pedestrian/bicycle,999.104,1004.675,0.049,0.022
P7,2875,287500,pedestrian/bicycle,999.107,1004.677,0.017,0.022
P7,2876,287600,pedestrian/bicycle,999.107,1004.68,-0.016,0.028
P7,2877,287700,pedestrian/bicycle,999.104,1004.683,-0.048,0.037
P7,2878,287800,pedestrian/bicycle,999.097,1004.687,-0.082,0.05
P7,2879,287900,pedestrian/bicycle,999.087,1004.693,-0.117,0.064
P7,2880,288000,pedestrian/bicycle,999.074,1004.7,-0.153,0.078
P7,2881,288100,pedestrian/bicycle,999.057,1004.708,-0.188,0.089
P7,2882,288200,pedestrian/bicycle,999.036,1004.718,-0.221,0.096
P7,2883,288300,pedestrian/bicycle,999.013,1004.727,-0.247,0.093
P7,2884,288400,pedestrian/bicycle,998.988,1004.736,-0.261,0.077
P7,2885,288500,pedestrian/bicycle,998.962,1004.742,-0.257,0.046
P7,2886,288600,pedestrian/bicycle,998.937,1004.744,-0.234,0.005
P7,2887,288700,pedestrian/bicycle,998.916,1004.743,-0.197,-0.036
P7,2888,288800,pedestrian/bicycle,998.898,1004.738,-0.15,-0.065
P7,2889,288900,pedestrian/bicycle,998.886,1004.731,-0.096,-0.077
P7,2890,289000,pedestrian/bicycle,998.879,1004.723,-0.037,-0.073
P7,2891,289100,pedestrian/bicycle,998.879,1004.717,0.024,-0.056
P7,2892,289200,pedestrian/bicycle,998.884,1004.712,0.086,-0.03
P7,2893,289300,pedestrian/bicycle,998.896,1004.711,0.146,0.003
P7,2894,289400,pedestrian/bicycle,998.913,1004.713,0.202,0.042
P7,2895,289500,pedestrian/bicycle,998.936,1004.719,0.249,0.082
P7,2896,289600,pedestrian/bicycle,998.962,1004.73,0.284,0.122
P7,2897,289700,pedestrian/bicycle,998.992,1004.744,0.301,0.159
P7,2898,289800,pedestrian/bicycle,999.022,1004.761,0.3,0.187
P7,2899,289900,pedestrian/bicycle,999.051,1004.781,0.286,0.2
P7,2900,290000,pedestrian/bicycle,999.078,1004.8,0.263,0.193
P7,2901,290100,pedestrian/bicycle,999.103,1004.818,0.234,0.166
P7,2902,290200,pedestrian/bicycle,999.125,1004.833,0.202,0.123
P7,2903,290300,pedestrian/bicycle,999.143,1004.842,0.166,0.07
P7,2904,290400,pedestrian/bicycle,999.158,1004.846,0.124,0.015
P7,2905,290500,pedestrian/bicycle,999.168,1004.845,0.074,-0.039
P7,2906,290600,pedestrian/bicycle,999.172,1004.839,0.013,-0.085
P7,2907,290700,pedestrian/bicycle,999.17,1004.829,-0.052,-0.121
P7,2908,290800,pedestrian/bicycle,999.162,1004.816,-0.11,-0.141
P7,2909,290900,pedestrian/bicycle,999.149,1004.802,-0.15,-0.141
P7,2910,291000,pedestrian/bicycle,999.133,1004.788,-0.167,-0.125
P7,2911,291100,pedestrian/bicycle,999.117,1004.777,-0.161,-0.1
P7,2912,291200,pedestrian/bicycle,999.102,1004.768,-0.133,-0.074
P7,2913,291300,pedestrian/bicycle,999.091,1004.762,-0.085,-0.056
P7,2914,291400,pedestrian/bicycle,999.086,1004.756,-0.017,-0.054
P7,2915,291500,pedestrian/bicycle,999.089,1004.75,0.073,-0.072
P7,2916,291600,pedestrian/bicycle,999.102,1004.741,0.184,-0.107
P7,2917,291700,pedestrian/bicycle,999.127,1004.728,0.319,-0.149
P7,2918,291800,pedestrian/bicycle,999.167,1004.711,0.481,-0.189
P7,2919,291900,pedestrian/bicycle,999.225,1004.691,0.674,-0.22
P7,2920,292000,pedestrian/bicycle,999.303,1004.668,0.89,-0.239
P7,2921,292100,pedestrian/bicycle,999.403,1004.644,1.105,-0.243
P7,2922,292200,pedestrian/bicycle,999.523,1004.62,1.307,-0.235
P7,2923,292300,pedestrian/bicycle,999.663,1004.597,1.49,-0.221
P7,2924,292400,pedestrian/bicycle,999.82,1004.576,1.646,-0.202
P7,2925,292500,pedestrian/bicycle,999.991,1004.557,1.783,-0.185
P7,2926,292600,pedestrian/bicycle,1000.177,1004.539,1.922,-0.171
P7,2927,292700,pedestrian/bicycle,1000.377,1004.522,2.075,-0.164
P7,2928,292800,pedestrian/bicycle,1000.593,1004.506,2.243,-0.162
P7,2929,292900,pedestrian/bicycle,1000.826,1004.49,2.426,-0.162
P7,2930,293000,pedestrian/bicycle,1001.079,1004.473,2.627,-0.167
P7,2931,293100,pedestrian/bicycle,1001.352,1004.456,2.846,-0.176
P7,2932,293200,pedestrian/bicycle,1001.649,1004.438,3.082,-0.192
P7,2933,293300,pedestrian/bicycle,1001.969,1004.417,3.33,-0.213
P7,2934,293400,pedestrian/bicycle,1002.315,1004.395,3.585,-0.241
P7,2935,293500,pedestrian/bicycle,1002.686,1004.369,3.835,-0.274
P7,2936,293600,pedestrian/bicycle,1003.082,1004.34,4.079,-0.304
P7,2937,293700,pedestrian/bicycle,1003.502,1004.309,4.318,-0.327
P7,2938,293800,pedestrian/bicycle,1003.945,1004.275,4.552,-0.338
P7,2939,293900,pedestrian/bicycle,1004.412,1004.241,4.782,-0.339
P7,2940,294000,pedestrian/bicycle,1004.901,1004.208,5.008,-0.332
P7,2941,294100,pedestrian/bicycle,1005.413,1004.175,5.23,-0.318
P7,2942,294200,pedestrian/bicycle,1005.947,1004.145,5.449,-0.298
P7,2943,294300,pedestrian/bicycle,1006.503,1004.116,5.665,-0.27
P7,2944,294400,pedestrian/bicycle,1007.079,1004.091,5.869,-0.232
P7,2945,294500,pedestrian/bicycle,1007.676,1004.07,6.056,-0.186
P7,2946,294600,pedestrian/bicycle,1008.29,1004.054,6.219,-0.131
P7,2947,294700,pedestrian/bicycle,1008.918,1004.044,6.351,-0.068
P7,2948,294800,pedestrian/bicycle,1009.558,1004.041,6.448,0.006
P7,2949,294900,pedestrian/bicycle,1010.206,1004.046,6.513,0.092
P7,2950,295000,pedestrian/bicycle,1010.859,1004.061,6.552,0.195
P7,2951,295100,pedestrian/bicycle,1011.515,1004.086,6.567,0.319
P7,2952,295200,pedestrian/bicycle,1012.171,1004.125,6.552,0.463
P7,2953,295300,pedestrian/bicycle,1012.824,1004.18,6.502,0.628
P7,2954,295400,pedestrian/bicycle,1013.47,1004.252,6.416,0.817
P7,2955,295500,pedestrian/bicycle,1014.105,1004.344,6.294,1.028
P7,2956,295600,pedestrian/bicycle,1014.727,1004.459,6.139,1.26
P7,2957,295700,pedestrian/bicycle,1015.332,1004.597,5.959,1.507
P7,2958,295800,pedestrian/bicycle,1015.918,1004.761,5.762,1.764
P7,2959,295900,pedestrian/bicycle,1016.483,1004.95,5.553,2.025
P7,2960,296000,pedestrian/bicycle,1017.028,1005.166,5.336,2.287
P7,2961,296100,pedestrian/bicycle,1017.55,1005.407,5.11,2.543
P7,2962,296200,pedestrian/bicycle,1018.05,1005.674,4.879,2.794
P7,2963,296300,pedestrian/bicycle,1018.526,1005.966,4.642,3.04
P7,2964,296400,pedestrian/bicycle,1018.978,1006.282,4.4,3.277
P7,2965,296500,pedestrian/bicycle,1019.406,1006.621,4.156,3.506
P7,2966,296600,pedestrian/bicycle,1019.809,1006.983,3.91,3.728
P7,2967,296700,pedestrian/bicycle,1020.187,1007.366,3.658,3.948
P7,2968,296800,pedestrian/bicycle,1020.54,1007.772,3.403,4.166
P7,2969,296900,pedestrian/bicycle,1020.868,1008.2,3.148,4.384
P7,2970,297000,pedestrian/bicycle,1021.17,1008.649,2.899,4.601
P7,2971,297100,pedestrian/bicycle,1021.448,1009.12,2.663,4.818
P7,2972,297200,pedestrian/bicycle,1021.703,1009.613,2.44,5.037
P7,2973,297300,pedestrian/bicycle,1021.937,1010.127,2.227,5.254
P7,2974,297400,pedestrian/bicycle,1022.149,1010.663,2.02,5.465
P7,2975,297500,pedestrian/bicycle,1022.341,1011.22,1.815,5.67
P7,2976,297600,pedestrian/bicycle,1022.512,1011.797,1.608,5.869
P7,2977,297700,pedestrian/bicycle,1022.663,1012.393,1.402,6.064
P7,2978,297800,pedestrian/bicycle,1022.793,1013.009,1.198,6.252
P7,2979,297900,pedestrian/bicycle,1022.902,1013.643,0.994,6.43
P7,2980,298000,pedestrian/bicycle,1022.991,1014.295,0.791,6.598
P7,2981,298100,pedestrian/bicycle,1023.061,1014.963,0.591,6.765
P7,2982,298200,pedestrian/bicycle,1023.11,1015.648,0.395,6.931
P7,2983,298300,pedestrian/bicycle,1023.14,1016.349,0.204,7.092
P7,2984,298400,pedestrian/bicycle,1023.151,1017.066,0.018,7.251
P7,2985,298500,pedestrian/bicycle,1023.144,1017.799,-0.163,7.411
P7,2986,298600,pedestrian/bicycle,1023.118,1018.548,-0.34,7.575
P7,2987,298700,pedestrian/bicycle,1023.076,1019.314,-0.51,7.745
P7,2988,298800,pedestrian/bicycle,1023.017,1020.098,-0.668,7.921
P7,2989,298900,pedestrian/bicycle,1022.943,1020.899,-0.809,8.101
P7,2990,299000,pedestrian/bicycle,1022.856,1021.718,-0.93,8.284
P7,2991,299100,pedestrian/bicycle,1022.758,1022.556,-1.03,8.468
P7,2992,299200,pedestrian/bicycle,1022.651,1023.411,-1.107,8.641
P7,2993,299300,pedestrian/bicycle,1022.538,1024.283,-1.161,8.792
P7,2994,299400,pedestrian/bicycle,1022.42,1025.168,-1.195,8.917
P7,2995,299500,pedestrian/bicycle,1022.3,1026.064,-1.214,9.005
P7,2996,299600,pedestrian/bicycle,1022.178,1026.967,-1.22,9.041
P7,2997,299700,pedestrian/bicycle,1022.056,1027.87,-1.218,9.017
P7,2998,299800,pedestrian/bicycle,1021.935,1028.766,-1.212,8.92
P7,2999,299900,pedestrian/bicycle,1021.814,1029.649,-1.198,8.742
P7,3000,300000,pedestrian/bicycle,1021.695,1030.511,-1.174,8.489
P7,3001,300100,pedestrian/bicycle,1021.58,1031.344,-1.141,8.174
P7,3002,300200,pedestrian/bicycle,1021.468,1032.144,-1.1,7.826
P7,3003,300300,pedestrian/bicycle,1021.36,1032.91,-1.057,7.484
P7,3004,300400,pedestrian/bicycle,1021.256,1033.644,-1.021,7.21
P7,3005,300500,pedestrian/bicycle,1021.155,1034.358,-1,7.053
P7,3006,300600,pedestrian/bicycle,1021.055,1035.061,-0.994,7.007
P1,1,100,pedestrian/bicycle,1012.537,991.183,-4.317,-0.742
P1,2,200,pedestrian/bicycle,1012.106,991.111,-4.303,-0.703
P1,3,300,pedestrian/bicycle,1011.676,991.042,-4.285,-0.661
P1,4,400,pedestrian/bicycle,1011.249,990.978,-4.262,-0.619
P1,5,500,pedestrian/bicycle,1010.824,990.919,-4.236,-0.576
P1,6,600,pedestrian/bicycle,1010.402,990.863,-4.203,-0.532
P1,7,700,pedestrian/bicycle,1009.984,990.812,-4.165,-0.489
P1,8,800,pedestrian/bicycle,1009.569,990.765,-4.128,-0.454
P1,9,900,pedestrian/bicycle,1009.158,990.721,-4.1,-0.427
P1,10,1000,pedestrian/bicycle,1008.748,990.679,-4.091,-0.414
P1,11,1100,pedestrian/bicycle,1008.339,990.637,-4.099,-0.421
P1,12,1200,pedestrian/bicycle,1007.928,990.594,-4.112,-0.451
P1,13,1300,pedestrian/bicycle,1007.517,990.546,-4.119,-0.502
P1,14,1400,pedestrian/bicycle,1007.105,990.492,-4.106,-0.574
P1,15,1500,pedestrian/bicycle,1006.697,990.43,-4.065,-0.659
P1,16,1600,pedestrian/bicycle,1006.294,990.36,-3.994,-0.751
P1,17,1700,pedestrian/bicycle,1005.9,990.28,-3.89,-0.844
P1,18,1800,pedestrian/bicycle,1005.517,990.192,-3.756,-0.927
P1,19,1900,pedestrian/bicycle,1005.15,990.096,-3.598,-0.991
P1,20,2000,pedestrian/bicycle,1004.799,989.995,-3.424,-1.033
P1,21,2100,pedestrian/bicycle,1004.465,989.89,-3.249,-1.049
P1,22,2200,pedestrian/bicycle,1004.148,989.786,-3.087,-1.044
P1,23,2300,pedestrian/bicycle,1003.846,989.682,-2.963,-1.029
P1,24,2400,pedestrian/bicycle,1003.553,989.58,-2.893,-1.017
P1,25,2500,pedestrian/bicycle,1003.265,989.478,-2.873,-1.013
P2,204,20400,pedestrian/bicycle,987.06,998.033,1.017,0.383
P2,205,20500,pedestrian/bicycle,987.167,998.068,1.132,0.318
P2,206,20600,pedestrian/bicycle,987.286,998.097,1.238,0.252
P2,207,20700,pedestrian/bicycle,987.414,998.119,1.329,0.187
P2,208,20800,pedestrian/bicycle,987.55,998.135,1.398,0.128
P2,209,20900,pedestrian/bicycle,987.692,998.145,1.441,0.079
P2,210,21000,pedestrian/bicycle,987.837,998.151,1.458,0.041
P2,211,21100,pedestrian/bicycle,987.983,998.154,1.455,0.013
P2,212,21200,pedestrian/bicycle,988.127,998.154,1.44,-0.005
P2,213,21300,pedestrian/bicycle,988.27,998.153,1.419,-0.017
P2,214,21400,pedestrian/bicycle,988.411,998.151,1.39,-0.025
P2,215,21500,pedestrian/bicycle,988.548,998.148,1.355,-0.032
P2,216,21600,pedestrian/bicycle,988.682,998.144,1.318,-0.039
P2,217,21700,pedestrian/bicycle,988.812,998.14,1.285,-0.047
P2,218,21800,pedestrian/bicycle,988.939,998.135,1.259,-0.059
P2,219,21900,pedestrian/bicycle,989.064,998.128,1.241,-0.071
P2,220,22000,pedestrian/bicycle,989.187,998.121,1.219,-0.083
P2,221,22100,pedestrian/bicycle,989.308,998.112,1.189,-0.093
P2,222,22200,pedestrian/bicycle,989.425,998.102,1.162,-0.099
P2,223,22300,pedestrian/bicycle,989.54,998.092,1.144,-0.1
P2,224,22400,pedestrian/bicycle,989.655,998.083,1.14,-0.096
P2,225,22500,pedestrian/bicycle,989.769,998.073,1.144,-0.086
P2,226,22600,pedestrian/bicycle,989.884,998.065,1.155,-0.076
P2,227,22700,pedestrian/bicycle,990,998.058,1.172,-0.069
P2,228,22800,pedestrian/bicycle,990.118,998.051,1.193,-0.069
P2,229,22900,pedestrian/bicycle,990.239,998.044,1.209,-0.08
P2,230,23000,pedestrian/bicycle,990.36,998.035,1.211,-0.103
P2,231,23100,pedestrian/bicycle,990.48,998.023,1.196,-0.134
P2,232,23200,pedestrian/bicycle,990.598,998.008,1.16,-0.171
P2,233,23300,pedestrian/bicycle,990.711,997.989,1.106,-0.211
P2,234,23400,pedestrian/bicycle,990.818,997.965,1.038,-0.252
P2,235,23500,pedestrian/bicycle,990.918,997.938,0.965,-0.29
P2,236,23600,pedestrian/bicycle,991.011,997.907,0.894,-0.328
P2,237,23700,pedestrian/bicycle,991.098,997.873,0.83,-0.364
P2,238,23800,pedestrian/bicycle,991.178,997.835,0.778,-0.393
P2,239,23900,pedestrian/bicycle,991.254,997.795,0.736,-0.41
P2,240,24000,pedestrian/bicycle,991.326,997.753,0.704,-0.415
P2,241,24100,pedestrian/bicycle,991.395,997.712,0.687,-0.415
P2,242,24200,pedestrian/bicycle,991.464,997.67,0.682,-0.415
